676616,4430763,1052559,804142,4334140,150175,108332,626519,150328,807525,246387,269203,New.CleanUp.ReferenceOTU2599,4399094,114389,547148,224099,1126769,4468200,New.CleanUp.ReferenceOTU1729,New.CleanUp.ReferenceOTU8474,711843,351849,4396040,New.ReferenceOTU10,163423,785526,New.CleanUp.ReferenceOTU9312,New.CleanUp.ReferenceOTU10343,557456,4474160,New.CleanUp.ReferenceOTU5505,718335,1136536,4379732,1110732,248395,341698,241441,New.CleanUp.ReferenceOTU10837,820086,4483490,4331815,4308376,4457728,4371222,261182,4065042,4468812,832166,1107999,New.CleanUp.ReferenceOTU3652,628199,New.CleanUp.ReferenceOTU687,4470139,New.CleanUp.ReferenceOTU572,536678,1125483,783719,1142871,657718,New.CleanUp.ReferenceOTU9445,New.ReferenceOTU17,New.CleanUp.ReferenceOTU11515,16939,40546,New.CleanUp.ReferenceOTU6310,212027,919826,New.CleanUp.ReferenceOTU7471,769696,841708,4337622,New.CleanUp.ReferenceOTU4926,105215,275850,331020,4297586,323791,4340215,New.CleanUp.ReferenceOTU10911,4336568,New.CleanUp.ReferenceOTU4463,New.CleanUp.ReferenceOTU4980,New.CleanUp.ReferenceOTU1867,4377062,587804,754410,4318219,3920029,99073,New.CleanUp.ReferenceOTU2431,146397,513078,546384,155221,1128568,40511,593171,1656470,4378776,New.CleanUp.ReferenceOTU1912,915265,New.CleanUp.ReferenceOTU4319,New.CleanUp.ReferenceOTU2231,4378791,235971,New.CleanUp.ReferenceOTU7271,4422568,4428066,279206,2476144,New.CleanUp.ReferenceOTU4989,148890,573013,New.CleanUp.ReferenceOTU11808,New.CleanUp.ReferenceOTU8160,New.CleanUp.ReferenceOTU218,1132745,New.CleanUp.ReferenceOTU11939,New.CleanUp.ReferenceOTU7287,4315673,249472,4444340,589597,New.CleanUp.ReferenceOTU1233,New.CleanUp.ReferenceOTU8317,New.CleanUp.ReferenceOTU6422,279436,New.CleanUp.ReferenceOTU11268,New.CleanUp.ReferenceOTU9576,4471067,336873,New.CleanUp.ReferenceOTU5999,273949,New.CleanUp.ReferenceOTU5759,268061,4387627,323364,275097,4350694,279948,4313650,136015,3603301,218772,252822,372473,4298205,New.CleanUp.ReferenceOTU1428,1135345,4472087,94336,103410,New.CleanUp.ReferenceOTU11925,181996,3057707,280968,809485,253494,141700,1112793,247509,16538,New.CleanUp.ReferenceOTU4217,New.CleanUp.ReferenceOTU2803,142330,New.CleanUp.ReferenceOTU1529,New.CleanUp.ReferenceOTU860,812714,New.CleanUp.ReferenceOTU5363,New.CleanUp.ReferenceOTU2759,583766,574862,4447102,New.CleanUp.ReferenceOTU5950,New.CleanUp.ReferenceOTU8046,New.CleanUp.ReferenceOTU1226,1134692,New.CleanUp.ReferenceOTU10565,New.CleanUp.ReferenceOTU9558,3768994,New.CleanUp.ReferenceOTU4469,831179,4306066,New.CleanUp.ReferenceOTU3308,1126475,New.CleanUp.ReferenceOTU178,131787,New.CleanUp.ReferenceOTU9613,2655357,New.CleanUp.ReferenceOTU6759,953211,New.CleanUp.ReferenceOTU9936,101445,573054,565604,814489,82263,New.ReferenceOTU38,513175,New.CleanUp.ReferenceOTU2214,675744,New.CleanUp.ReferenceOTU8418,554597,New.CleanUp.ReferenceOTU9692,New.CleanUp.ReferenceOTU5737,New.CleanUp.ReferenceOTU8520,2381147,85732,255859,1625696,New.CleanUp.ReferenceOTU9386,1135798,4395995,4435455,1994485,2060289,New.CleanUp.ReferenceOTU509,544772,219727,200323,New.CleanUp.ReferenceOTU7977,4418695,New.CleanUp.ReferenceOTU1122,959590,4295043,255112,4405719,815169,4452721,3225782,New.CleanUp.ReferenceOTU5843,4276833,217030,New.CleanUp.ReferenceOTU1345,627435,113210,New.CleanUp.ReferenceOTU6836,210800,759624,4341330,3225199,4424552,813047,4351129,867450,New.CleanUp.ReferenceOTU7870,849118,4422313,290401,4356131,New.CleanUp.ReferenceOTU697,1135768,3612124,113778,370343,177340,1105085,New.ReferenceOTU39,New.CleanUp.ReferenceOTU7294,4343392,804397,4390892,224042,154189,819185,1123215,4329804,New.CleanUp.ReferenceOTU1752,1144006,4429750,1094976,215423,799231,88872,366977,580916,4408129,207957,640071,543151,202610,New.CleanUp.ReferenceOTU4013,856926,3146787,656889,808919,New.CleanUp.ReferenceOTU8780,4361039,541859,New.ReferenceOTU27,4327049,804798,New.CleanUp.ReferenceOTU2542,New.CleanUp.ReferenceOTU3681,New.CleanUp.ReferenceOTU12281,850638,3275744,105132,New.CleanUp.ReferenceOTU6323,1932547,541275,4413214,317556,1147463,967275,129907,349415,1138447,4403531,543528,348270,316335,584489,539570,593400,513426,New.CleanUp.ReferenceOTU11436,219439,282250,205900,855333,4351337,New.CleanUp.ReferenceOTU5984,562167,4351771,4419473,New.CleanUp.ReferenceOTU9331,824801,New.CleanUp.ReferenceOTU5811,4393265,New.CleanUp.ReferenceOTU5870,573327,213078,New.CleanUp.ReferenceOTU9376,New.CleanUp.ReferenceOTU5975,New.CleanUp.ReferenceOTU5952,New.CleanUp.ReferenceOTU5832,New.CleanUp.ReferenceOTU9281,4458919,New.CleanUp.ReferenceOTU7871,332041,538428,222685,New.CleanUp.ReferenceOTU6244,1140995,New.CleanUp.ReferenceOTU6221,3267604,New.CleanUp.ReferenceOTU6325,New.CleanUp.ReferenceOTU9187,New.CleanUp.ReferenceOTU9070,New.CleanUp.ReferenceOTU9040,New.CleanUp.ReferenceOTU9102,New.CleanUp.ReferenceOTU6345,New.CleanUp.ReferenceOTU9109,New.CleanUp.ReferenceOTU6203,New.CleanUp.ReferenceOTU6156,332042,831520,1754884,New.CleanUp.ReferenceOTU6030,113609,113232,New.CleanUp.ReferenceOTU6037,New.CleanUp.ReferenceOTU6104,1137286,New.CleanUp.ReferenceOTU6127,4393921,4449464,225930,4306132,New.CleanUp.ReferenceOTU5806,New.CleanUp.ReferenceOTU5596,New.CleanUp.ReferenceOTU5797,1110021,214128,308202,758928,New.CleanUp.ReferenceOTU9799,New.CleanUp.ReferenceOTU5165,New.CleanUp.ReferenceOTU5156,999784,New.CleanUp.ReferenceOTU5241,New.CleanUp.ReferenceOTU9898,New.CleanUp.ReferenceOTU5250,New.CleanUp.ReferenceOTU5277,341939,4353076,257321,New.CleanUp.ReferenceOTU9895,New.CleanUp.ReferenceOTU5148,New.CleanUp.ReferenceOTU5136,New.CleanUp.ReferenceOTU5132,New.CleanUp.ReferenceOTU9948,572125,831607,New.CleanUp.ReferenceOTU4959,4301097,4306488,225485,New.CleanUp.ReferenceOTU9942,215113,263122,New.CleanUp.ReferenceOTU5087,New.CleanUp.ReferenceOTU9935,622731,226288,1639777,New.CleanUp.ReferenceOTU9816,New.CleanUp.ReferenceOTU5280,New.CleanUp.ReferenceOTU5792,New.CleanUp.ReferenceOTU5562,New.CleanUp.ReferenceOTU9031,946344,New.CleanUp.ReferenceOTU9556,39463,New.CleanUp.ReferenceOTU9557,New.CleanUp.ReferenceOTU9560,New.CleanUp.ReferenceOTU9529,New.CleanUp.ReferenceOTU5722,New.CleanUp.ReferenceOTU5734,241113,562922,4346541,New.CleanUp.ReferenceOTU9451,4343647,568429,New.CleanUp.ReferenceOTU5523,1857346,1105901,New.CleanUp.ReferenceOTU5415,1009717,New.CleanUp.ReferenceOTU9712,New.CleanUp.ReferenceOTU9744,4431015,New.CleanUp.ReferenceOTU9768,New.CleanUp.ReferenceOTU9638,682134,734275,817942,New.CleanUp.ReferenceOTU9582,592291,4405637,580290,New.CleanUp.ReferenceOTU9605,New.CleanUp.ReferenceOTU6373,825937,251509,New.CleanUp.ReferenceOTU7393,1128038,New.CleanUp.ReferenceOTU7394,4424785,New.CleanUp.ReferenceOTU8417,364805,New.CleanUp.ReferenceOTU7343,New.CleanUp.ReferenceOTU8398,New.CleanUp.ReferenceOTU8354,1108340,New.CleanUp.ReferenceOTU7426,New.CleanUp.ReferenceOTU7484,New.CleanUp.ReferenceOTU8313,4322536,180611,1141710,New.CleanUp.ReferenceOTU8409,New.CleanUp.ReferenceOTU7324,New.CleanUp.ReferenceOTU7180,New.CleanUp.ReferenceOTU7223,New.CleanUp.ReferenceOTU7240,4394173,704614,New.CleanUp.ReferenceOTU7318,New.CleanUp.ReferenceOTU7202,New.CleanUp.ReferenceOTU8538,New.CleanUp.ReferenceOTU8531,1818,New.CleanUp.ReferenceOTU8527,New.CleanUp.ReferenceOTU8494,New.CleanUp.ReferenceOTU7305,New.CleanUp.ReferenceOTU8423,New.CleanUp.ReferenceOTU8430,512148,New.CleanUp.ReferenceOTU7283,New.CleanUp.ReferenceOTU7488,89699,New.CleanUp.ReferenceOTU8280,812149,1108431,New.CleanUp.ReferenceOTU7764,1110625,New.CleanUp.ReferenceOTU7516,1129586,New.CleanUp.ReferenceOTU7718,New.CleanUp.ReferenceOTU7766,New.CleanUp.ReferenceOTU7937,2416609,781407,243353,4440462,4409907,New.CleanUp.ReferenceOTU7820,712222,New.CleanUp.ReferenceOTU7717,4402900,New.CleanUp.ReferenceOTU7942,New.CleanUp.ReferenceOTU7546,563670,113760,794280,649098,12776,New.CleanUp.ReferenceOTU8082,146007,New.CleanUp.ReferenceOTU7952,4301105,4331429,New.CleanUp.ReferenceOTU7659,1140514,593430,4372310,New.CleanUp.ReferenceOTU7192,New.CleanUp.ReferenceOTU8560,New.CleanUp.ReferenceOTU8995,New.CleanUp.ReferenceOTU8916,New.CleanUp.ReferenceOTU8849,New.CleanUp.ReferenceOTU8859,4314198,112867,New.CleanUp.ReferenceOTU6650,New.CleanUp.ReferenceOTU6649,New.CleanUp.ReferenceOTU8839,New.CleanUp.ReferenceOTU6709,New.CleanUp.ReferenceOTU6710,4337567,554377,New.CleanUp.ReferenceOTU8756,New.CleanUp.ReferenceOTU8777,New.CleanUp.ReferenceOTU8797,105699,551866,New.CleanUp.ReferenceOTU6617,New.CleanUp.ReferenceOTU8564,726344,4382847,2336672,208293,4237640,New.CleanUp.ReferenceOTU8978,4344786,4299529,New.CleanUp.ReferenceOTU7900,New.CleanUp.ReferenceOTU6542,4386631,214730,256823,New.CleanUp.ReferenceOTU8947,New.CleanUp.ReferenceOTU8960,New.CleanUp.ReferenceOTU6567,1135893,246078,800127,New.CleanUp.ReferenceOTU7092,New.CleanUp.ReferenceOTU7098,New.CleanUp.ReferenceOTU7093,New.CleanUp.ReferenceOTU7090,211581,888357,New.CleanUp.ReferenceOTU8626,New.CleanUp.ReferenceOTU7135,New.CleanUp.ReferenceOTU8585,548799,222209,544092,New.CleanUp.ReferenceOTU7173,3412843,4442419,1127504,New.CleanUp.ReferenceOTU7059,New.CleanUp.ReferenceOTU8629,New.CleanUp.ReferenceOTU7057,928766,New.CleanUp.ReferenceOTU6956,New.CleanUp.ReferenceOTU6938,New.CleanUp.ReferenceOTU6932,4348509,211582,812972,320629,1121836,540592,New.CleanUp.ReferenceOTU8637,989766,New.CleanUp.ReferenceOTU7044,208145,New.CleanUp.ReferenceOTU7001,1124701,New.CleanUp.ReferenceOTU3688,511706,New.ReferenceOTU40,3017908,1062966,4349212,New.ReferenceOTU32,New.ReferenceOTU12,224648,551344,4336103,4325612,4483956,1146003,902698,1128545,268742,2841300,4447334,New.CleanUp.ReferenceOTU244,1133433,1106498,New.CleanUp.ReferenceOTU33,4402890,580497,215477,247022,238800,4312724,235943,2601842,356027,4475886,320782,2994822,130441,3956472,835089,605399,347595,113586,3334377,358785,113209,3011887,826250,214914,2739099,620364,1147339,586563,138177,4476746,New.CleanUp.ReferenceOTU307,1021984,New.CleanUp.ReferenceOTU911,New.CleanUp.ReferenceOTU918,4422114,4464810,275105,513760,4304381,New.CleanUp.ReferenceOTU900,New.CleanUp.ReferenceOTU901,New.CleanUp.ReferenceOTU951,4371629,New.CleanUp.ReferenceOTU333,New.CleanUp.ReferenceOTU988,741975,New.CleanUp.ReferenceOTU1096,4418696,New.CleanUp.ReferenceOTU1036,New.CleanUp.ReferenceOTU1025,New.CleanUp.ReferenceOTU1023,New.CleanUp.ReferenceOTU996,New.CleanUp.ReferenceOTU1002,253644,New.CleanUp.ReferenceOTU844,New.CleanUp.ReferenceOTU834,4480701,New.CleanUp.ReferenceOTU769,1140357,New.CleanUp.ReferenceOTU534,663399,1061145,New.CleanUp.ReferenceOTU393,New.CleanUp.ReferenceOTU374,New.CleanUp.ReferenceOTU357,3487653,New.CleanUp.ReferenceOTU367,325776,583489,4403247,239437,New.CleanUp.ReferenceOTU764,100260,New.CleanUp.ReferenceOTU743,353925,New.CleanUp.ReferenceOTU580,200046,New.CleanUp.ReferenceOTU607,1051693,4364347,4364838,151283,1138930,4474749,1129425,4421372,215776,807954,4324764,4458776,247758,235848,78784,3231020,570387,225398,4382186,835579,4463684,4082575,71352,583016,1026261,4299829,1094433,1130711,200629,965370,569190,1120160,4433512,4362795,1119015,611192,4237652,4339223,855860,113477,104172,1142972,254256,231772,102183,584821,4418001,1716466,208283,113866,223912,994823,4423681,4346060,819708,755282,209481,4339286,4459446,547544,556217,4369748,254635,210951,163345,2969921,4453972,4448576,607212,1104445,204862,1148214,4283838,689017,4466061,144065,4484276,1121483,836262,1733407,251539,4356724,213177,240883,4474264,906820,4312727,1639768,215692,4319210,5364,2711951,584272,549252,222792,93503,4480022,1108523,4425219,814416,3526330,4311518,72153,226718,New.CleanUp.ReferenceOTU1145,206124,New.CleanUp.ReferenceOTU3923,509487,New.CleanUp.ReferenceOTU3752,14632,144956,222350,New.CleanUp.ReferenceOTU3669,New.CleanUp.ReferenceOTU3604,131115,New.CleanUp.ReferenceOTU3656,New.CleanUp.ReferenceOTU3911,New.CleanUp.ReferenceOTU3932,4302302,New.CleanUp.ReferenceOTU3941,206278,New.CleanUp.ReferenceOTU4100,344260,4313359,New.CleanUp.ReferenceOTU3990,4387052,New.CleanUp.ReferenceOTU3958,New.CleanUp.ReferenceOTU3961,New.CleanUp.ReferenceOTU3962,New.CleanUp.ReferenceOTU3559,134163,814232,4479935,New.CleanUp.ReferenceOTU3306,New.CleanUp.ReferenceOTU3312,4298761,New.CleanUp.ReferenceOTU3298,New.CleanUp.ReferenceOTU3296,New.CleanUp.ReferenceOTU3290,New.CleanUp.ReferenceOTU3276,New.CleanUp.ReferenceOTU3287,104490,New.CleanUp.ReferenceOTU3358,284171,253744,New.CleanUp.ReferenceOTU3374,New.CleanUp.ReferenceOTU3531,New.CleanUp.ReferenceOTU3536,204068,4419538,New.CleanUp.ReferenceOTU3481,426566,258056,New.CleanUp.ReferenceOTU3404,New.CleanUp.ReferenceOTU3407,555635,583293,512030,New.CleanUp.ReferenceOTU4700,New.CleanUp.ReferenceOTU4624,226364,238434,254041,2984010,New.CleanUp.ReferenceOTU4594,588492,New.CleanUp.ReferenceOTU4582,New.CleanUp.ReferenceOTU4585,3695905,New.CleanUp.ReferenceOTU4713,4383060,New.CleanUp.ReferenceOTU4716,4444121,4330047,4465540,649954,New.CleanUp.ReferenceOTU4849,937735,4465309,543294,830922,113365,46832,800619,New.CleanUp.ReferenceOTU4485,New.CleanUp.ReferenceOTU4306,New.CleanUp.ReferenceOTU4311,816291,1142263,New.CleanUp.ReferenceOTU4235,210598,572991,4390890,New.CleanUp.ReferenceOTU4214,New.CleanUp.ReferenceOTU4356,New.CleanUp.ReferenceOTU4360,New.CleanUp.ReferenceOTU4361,1044319,2362284,848909,New.CleanUp.ReferenceOTU4465,New.CleanUp.ReferenceOTU4440,221349,New.CleanUp.ReferenceOTU4394,New.CleanUp.ReferenceOTU4395,248170,New.CleanUp.ReferenceOTU3273,219330,1104594,1124332,113054,New.CleanUp.ReferenceOTU1913,250268,246763,New.CleanUp.ReferenceOTU1891,128177,3926677,New.CleanUp.ReferenceOTU1835,New.CleanUp.ReferenceOTU1855,1623482,New.CleanUp.ReferenceOTU1951,New.CleanUp.ReferenceOTU2262,336433,New.CleanUp.ReferenceOTU2180,6602,New.CleanUp.ReferenceOTU2215,New.CleanUp.ReferenceOTU2161,New.CleanUp.ReferenceOTU2157,285591,4437013,1106090,New.CleanUp.ReferenceOTU2085,324217,137818,New.CleanUp.ReferenceOTU1740,4341346,4382404,New.CleanUp.ReferenceOTU1427,351338,556657,New.CleanUp.ReferenceOTU1262,New.CleanUp.ReferenceOTU1211,715993,New.CleanUp.ReferenceOTU1174,New.CleanUp.ReferenceOTU1177,New.CleanUp.ReferenceOTU1448,3783163,New.CleanUp.ReferenceOTU1481,New.CleanUp.ReferenceOTU1698,1123837,4451433,987899,3095054,New.CleanUp.ReferenceOTU1497,New.CleanUp.ReferenceOTU1527,864304,New.CleanUp.ReferenceOTU1569,510276,93368,927380,New.CleanUp.ReferenceOTU2990,New.CleanUp.ReferenceOTU2861,657103,807778,290241,4409906,248032,4362822,New.CleanUp.ReferenceOTU2776,247331,4365370,New.CleanUp.ReferenceOTU3007,New.CleanUp.ReferenceOTU2296,New.CleanUp.ReferenceOTU3033,1145384,New.CleanUp.ReferenceOTU3159,New.CleanUp.ReferenceOTU3164,1145388,New.CleanUp.ReferenceOTU3104,693721,New.CleanUp.ReferenceOTU3062,132483,New.CleanUp.ReferenceOTU3098,3359685,New.CleanUp.ReferenceOTU2745,New.CleanUp.ReferenceOTU2736,144633,New.CleanUp.ReferenceOTU2378,New.CleanUp.ReferenceOTU2386,New.CleanUp.ReferenceOTU2388,241499,213249,New.CleanUp.ReferenceOTU2360,New.CleanUp.ReferenceOTU2327,New.CleanUp.ReferenceOTU2330,209415,112929,222755,250264,834883,New.CleanUp.ReferenceOTU2689,New.CleanUp.ReferenceOTU2645,class
0,0,0,1,0,0,0,0,0,0,18,0,0,8,5,5,6,0,11,25,0,0,0,11,0,0,0,0,0,0,0,0,3,1,0,2,1,0,0,2,0,0,0,1,0,6,1,0,0,0,7,0,1,0,39,0,0,5,0,19,6,0,0,0,0,0,8,12,0,9,7,0,0,0,0,0,0,19,0,0,0,0,0,2,0,0,0,3,0,0,2,3,28,0,0,2,0,6,0,0,0,1,0,0,0,0,0,0,0,0,0,0,0,27,0,0,0,0,1,0,0,0,0,0,0,0,0,0,0,0,0,0,0,0,1,0,0,0,0,0,1,0,0,0,1,0,0,0,0,0,3,8,0,0,0,0,0,0,1,0,0,0,6,1,1,0,0,0,0,0,0,0,0,0,2,0,0,0,0,0,0,0,0,0,0,0,0,0,0,0,0,0,0,0,0,0,0,0,2,5,1,1,1,3,1,1,1,1,1,1,1,0,0,1,0,0,0,0,0,0,1,0,0,0,0,2,0,0,0,0,0,2,0,0,2,0,0,0,0,3,3,0,0,2,0,1,0,0,1,0,0,0,0,0,0,0,1,0,0,0,2,2,0,0,0,0,0,0,0,0,0,1,2,2,5,0,0,0,1,0,0,0,0,0,0,0,0,1,0,0,0,0,0,0,0,0,0,2,0,0,0,0,0,0,0,22,0,0,16,18,1,1,5,3,6,1,2,1,1,0,0,5,1,0,2,2,1,5,2,7,11,9,1,2,1,1,1,1,2,1,2,1,18,7,2,1,3,1,2,5,1,8,1,3,2,1,2,1,12,3,9,2,11,3,2,3,4,5,8,2,2,4,1,1,5,2,12,2,1,1,1,1,4,1,8,2,1,0,1,26,1,15,5,1,1,1,10,1,0,2,2,1,2,1,1,5,2,2,24,1,3,1,1,2,3,1,50,1,4,5,7,1,1,3,2,1,1,7,1,10,4,1,26,1,1,1,4,1,2,1,11,2,92,1,5,1,8,1,3,2,5,3,2,3,27,1,2,1,3,9,2,4,1,12,1,1,7,4,3,4,1,1,1,1,1,1,7,1,1,1,1,16,1,3,9,4,1,2,3,3,8,1,1,8,1,1,1,1,41,6,1,1,1,3,1,3,1,1,16,5,1,3,1,2,1,1,1,2,1,3,6,1,1,1,2,1,1,13,22,1,2,1,1,3,1,2,15,1,12,4,9,1,1,4,2,15,2,1,2,10,2,1,5,0,8,9,1,7,2,15,3,8,1,1,1,3,7,2,5,11,1,15,2,12,0,3,6,6,3,3,1,2,1,6,2,1,3,1,8,1,5,1,3,6,3,4,5,1,12,4,1,4,1,33,0,3,4,2,1,2,2,1,7,1,20,62,5,5,8,4,2,5,5,6,29,16,7,7,5,1,14,0,1,2,1,0,1,1,1,1,3,2,4,1,1,9,23,2,6,11,1,1,1,1,10,12,8,1,1,2,1,4,6,2,3,1,3,5,1,2,1,2,1,1,1,2,6,1,1,1,2,1,1,3,1,0,2,4,3,12,4,4,8,1,2,1,7,4,9,1,8,1,6,1,1,1,5,6,3,1,7,2,4,9,3,1,1,4,2,1,1,2,1,11,3,8,24,6,4,0,1,0,2,1,1,3,19,1,1,22,2,2,1,1,7,1,1,4,15,15,2,2,10,1,1,3,3,12,1,1,13,5,5,2,3,1,0,11,1,1,2,7,7,1,2,1,2,3,6,11,1,40,1,4,4,4,12,5,1,2,2,7,2,2,23,1,7,1,4,10,0,1,3,1,1,9,1,6,3,1,2,1,1,1,2,1,7,1,14,2,1,8,1,7,4,2,1,2,1,6,3,1,4,1,2,3,2,1,3,5,1,1,2,2,7,24,4,4,1,0,4,3,1,12,1,7,2,3,2,1,3,6,1,10,1,1,4,6,3,1,8,1,7,4,1,5,1,3,10,7,5,11,1,2,2,17,2,25,4,2,1,1,1,1,2,1,3,3,1,2,15,4,4,58,2,1,3,1,1,1,7,11,2,2,0,1,1,2,1,2,5,1,13,1,1,1,4,12,1,1,7,22,1,1,2,2,2,3,4,2,28,2,6,7,1,3,21,23,14,5,1,2,4,1,1,2,5,2,3,1,2,0,1,4,3,2,2,3,2,10,1,2,2,2,1,4,11,2,1,12,3,6,1,1,1,2,2,1,3,8,1,2,1,1,8,4,1,27,1,1,Bulk
0,3,0,1,0,0,0,0,0,1,9,0,0,8,12,7,3,0,7,20,0,0,0,18,0,0,1,0,0,0,0,0,6,1,0,1,0,0,0,2,0,0,3,1,1,9,1,0,0,0,7,0,0,0,22,0,0,12,0,29,3,0,0,0,0,0,16,19,0,18,6,0,1,0,0,0,0,9,0,0,0,0,0,2,0,2,0,0,0,0,0,0,36,1,0,0,0,2,0,1,3,0,0,0,0,0,0,0,0,0,0,0,0,42,0,0,0,0,27,0,0,0,0,0,0,0,0,0,0,0,0,0,0,0,0,0,0,0,0,0,1,0,1,0,2,0,0,0,0,0,3,10,0,0,0,0,0,0,1,0,0,2,6,1,0,0,0,0,0,0,0,0,0,0,0,0,0,0,0,0,0,0,0,0,0,0,0,0,0,0,0,0,0,0,0,0,0,0,1,6,2,1,1,2,1,2,2,1,1,1,1,0,0,0,1,0,0,0,0,0,0,0,0,0,0,1,0,0,0,0,0,3,0,0,3,0,0,0,0,0,0,0,0,1,2,0,0,0,0,0,0,0,0,1,0,0,4,0,0,2,1,1,0,0,0,0,2,0,0,0,0,2,2,1,6,0,0,0,0,0,0,0,0,0,0,0,0,5,0,0,0,0,0,0,0,0,0,2,0,0,0,0,1,0,0,13,0,0,5,6,2,2,3,2,5,2,18,2,3,0,0,1,1,0,3,19,1,3,5,2,7,8,3,14,3,1,2,1,2,1,1,1,20,3,1,1,1,6,2,3,1,2,2,2,6,1,2,1,13,9,7,2,24,11,1,4,2,1,23,1,5,12,1,4,12,3,76,3,1,2,1,1,11,1,3,4,1,2,1,51,1,13,5,3,1,7,4,2,0,5,6,4,18,5,1,1,1,4,26,2,3,1,4,1,1,1,2,1,3,2,2,4,4,16,1,4,2,4,2,35,12,1,15,1,5,1,7,1,3,3,44,5,71,6,3,2,8,1,1,2,3,1,3,3,12,1,2,3,18,4,2,3,1,10,3,1,4,2,7,1,4,2,1,1,2,2,11,2,2,1,3,21,1,9,4,5,3,2,2,3,1,1,1,10,1,1,11,1,90,2,2,2,4,2,2,1,1,1,22,5,1,1,6,1,1,2,3,3,1,2,5,1,1,1,1,1,3,21,28,1,3,1,1,2,1,4,13,1,16,9,13,1,1,4,1,2,4,1,7,2,1,1,6,0,14,3,12,1,2,13,5,12,1,1,1,5,13,2,3,14,1,12,3,4,0,11,2,3,3,1,1,2,2,5,1,1,3,12,11,2,4,1,4,3,4,1,9,1,12,4,2,6,1,47,0,3,10,3,3,3,8,4,8,1,14,91,2,3,11,1,2,3,9,2,4,13,12,6,3,4,16,0,2,2,1,0,1,1,3,3,7,3,8,7,7,15,21,2,4,8,5,1,1,1,4,10,11,3,2,2,3,6,4,3,1,1,2,4,5,1,1,1,3,2,8,3,13,1,1,1,4,4,1,1,1,0,5,3,2,8,2,7,3,1,1,3,12,2,15,1,15,1,3,1,1,2,4,2,2,1,11,4,1,18,2,4,1,4,2,8,1,1,1,7,2,8,12,2,3,0,1,0,1,1,3,4,51,1,2,22,3,5,1,2,7,2,4,3,17,16,7,1,55,5,6,6,3,10,1,1,9,2,3,1,3,1,0,11,3,1,3,5,5,2,5,5,4,2,14,12,5,33,1,17,3,3,28,4,1,1,5,7,1,1,4,6,24,1,4,1,0,3,3,1,1,5,1,17,7,2,1,1,2,4,2,2,5,1,11,5,1,5,1,6,3,4,1,5,7,12,3,2,7,2,7,1,7,1,4,4,2,1,4,3,4,3,8,3,3,0,4,2,5,11,8,21,1,2,1,2,1,16,1,9,1,1,2,4,5,2,6,1,3,4,4,2,7,4,3,9,4,6,1,2,3,21,1,22,4,6,4,1,1,1,3,2,3,26,1,1,30,3,2,31,5,3,5,1,1,3,19,10,7,3,0,1,1,2,2,2,12,3,15,5,1,1,3,9,4,1,4,25,1,4,2,2,1,7,6,1,18,1,3,2,3,2,16,22,7,2,2,1,6,1,1,1,8,4,6,1,1,1,3,8,10,5,3,4,3,7,1,2,3,2,1,5,29,1,1,4,2,7,1,1,1,2,1,9,1,28,1,6,1,2,7,2,1,52,2,1,Bulk
8,10,4,15,95,23,56,52,16,24,2,14,2,1,2,1,0,39,1,2,12,35,15,1,20,23,7,6,1,0,45,1,0,11,18,25,6,13,1943,0,50,500,128,20,10,2,0,3,71,1,5,270,25,1,2,8,4,0,81,0,0,17,10,2,72,56,0,1,2,3,0,14,191,24,4,3,12,6,11,23,1,9,2,0,0,1,0,4,2,1,1,0,54,1,0,35,2,59,4,44,0,4,3,5,3,1,1,2,13,1,0,14,5,46,3,6,0,3,2,10,1,0,1,5,0,1,2,5,1,9,5,2,12,2,6,2,0,0,0,0,0,0,0,0,0,0,0,0,0,0,0,1,0,0,0,0,2,0,1,0,0,0,2,0,1,2,3,2,5,1,0,6,7,3,4,1,0,0,69,0,1,0,2,16,0,6,10,2,11,1,6,6,3,11,0,0,1,10,0,1,0,0,0,1,0,0,0,0,0,0,0,12,3,4,7,128,27,4,18,17,5,23,9,4,3,125,1,12,4,11,10,13,17,1,11,2,6,3,3,14,156,9,6,24,9,4,4,2,7,13,10,11,4,6,7,1,10,2,14,24,12,23,8,6,5,38,11,5,12,13,9,1,2,1,2,1,0,7,0,0,0,4,0,2,0,0,0,1,0,0,2,3,0,1,0,1,0,9,0,4,1,1,0,2,0,0,11,95,2,0,1,3,1,2,2,0,3,0,0,12,0,1,0,2,0,0,0,0,0,0,5,0,0,0,0,0,0,0,0,0,0,0,2,1,0,0,0,0,0,0,0,0,0,0,0,0,1,0,0,0,2,0,0,0,0,0,0,0,0,0,0,0,0,0,0,0,0,0,0,0,0,0,0,0,0,0,0,25,0,1,0,0,0,0,0,0,0,0,9,0,0,0,0,0,0,0,0,0,0,0,0,0,0,0,0,0,0,0,0,0,0,0,0,0,0,0,0,0,0,1,2,0,0,0,0,0,0,0,0,0,0,0,0,0,0,0,1,0,0,0,0,0,0,0,0,0,0,0,0,0,0,0,0,4,0,0,0,0,0,0,0,0,0,0,0,0,0,0,0,0,0,0,0,0,0,0,0,0,0,0,0,0,0,0,0,0,0,0,4,0,0,0,0,0,0,0,0,0,2,0,0,0,0,0,0,0,0,0,0,0,0,0,0,0,0,0,0,0,0,0,0,0,0,0,0,0,2,0,1,0,1,0,0,0,0,0,0,0,0,0,0,0,0,13,0,0,0,0,0,2,0,1,0,0,0,0,0,0,0,0,0,1,0,0,2,1,1,0,0,0,0,1,0,0,0,0,0,0,0,0,1,0,0,0,0,0,0,0,1,0,0,0,0,0,1,0,0,0,0,1,0,0,0,0,4,8,0,0,2,0,0,0,0,0,0,0,0,0,0,0,2,4,0,0,0,4,0,0,0,0,0,0,0,0,0,0,1,0,2,0,0,0,0,0,0,1,0,0,0,0,0,0,0,0,0,0,0,0,0,0,0,0,0,0,0,0,0,0,0,0,0,0,0,0,0,3,0,0,0,1,0,0,1,0,0,0,0,0,0,0,0,0,0,0,0,0,0,0,0,0,0,1,0,0,0,0,0,0,0,0,0,0,0,0,0,0,0,1,0,3,0,8,0,0,0,0,0,0,0,0,0,0,0,0,5,0,0,0,2,0,0,0,0,0,0,0,0,0,0,0,0,0,0,0,0,0,29,0,0,0,0,0,0,0,0,0,0,0,0,0,0,1,0,0,0,0,3,0,0,0,0,1,0,0,0,0,0,0,0,0,1,0,0,0,0,0,0,0,0,0,0,0,0,0,0,0,0,0,0,0,0,0,0,0,0,0,0,0,0,3,0,0,0,0,0,0,0,0,0,0,0,0,0,0,0,0,0,0,0,2,1,1,0,0,0,0,0,0,0,0,0,1,0,0,0,0,0,1,0,0,0,0,1,0,0,0,0,0,0,0,0,0,0,0,0,0,0,1,0,0,0,0,0,0,0,0,0,1,0,0,0,0,0,0,0,0,0,0,0,0,0,0,0,0,79,0,0,0,0,0,0,0,0,0,0,0,0,0,0,0,0,2,0,0,0,0,0,0,0,0,5,0,0,0,0,0,2,0,0,0,0,0,0,0,0,0,0,0,0,0,0,42,0,1,1,0,0,0,0,0,0,0,0,0,0,0,0,0,0,0,0,2,0,0,0,1,0,0,0,0,0,0,0,0,0,0,0,2,0,0,IFSi
30,71,2,15,123,28,117,31,103,28,2,41,1,4,1,0,0,31,2,1,16,275,9,1,16,23,11,3,6,0,7,1,0,29,12,10,7,5,1291,0,60,340,193,60,10,0,0,2,61,4,0,90,13,1,1,8,1,0,38,1,1,47,7,11,15,25,0,0,5,0,0,13,168,12,15,3,16,8,58,28,2,17,1,0,0,5,0,14,12,3,0,1,24,1,1,7,1,27,6,33,11,2,1,0,5,2,1,1,6,3,1,9,8,31,0,1,0,17,0,5,0,12,4,7,1,2,13,12,2,1,17,1,23,4,2,2,0,0,0,0,0,0,0,0,0,0,2,0,0,0,1,7,0,0,0,0,5,0,3,0,0,0,2,0,2,1,1,1,10,0,0,18,11,4,7,9,2,1,84,0,2,0,7,21,1,15,9,3,7,1,1,0,0,2,2,1,2,20,0,0,5,0,0,0,0,0,4,3,0,0,0,15,4,37,4,204,8,3,8,53,65,3,1,13,2,115,2,2,6,200,8,14,14,3,24,7,5,14,8,19,84,39,141,15,10,6,11,8,3,411,12,7,7,17,21,3,16,3,24,22,20,53,1,3,7,64,6,9,10,5,0,0,5,2,3,0,0,1,0,1,0,0,0,3,0,2,0,0,3,1,0,0,0,3,1,3,0,4,0,1,8,0,1,1,0,3,2,6,7,0,3,1,4,0,4,0,8,0,0,0,0,2,0,0,0,0,0,0,0,0,0,0,0,0,0,0,0,0,1,0,0,0,0,0,0,0,0,0,0,0,0,0,0,0,0,0,0,0,1,0,0,0,1,0,0,1,0,0,0,0,1,0,0,0,0,0,1,0,0,0,0,0,0,0,0,0,0,15,0,0,0,0,0,0,0,0,0,0,12,0,0,0,0,0,0,0,0,0,0,0,0,0,0,0,0,0,0,0,0,0,0,0,0,0,0,0,0,0,0,0,0,0,2,0,0,0,0,0,0,0,1,0,3,0,0,0,0,0,0,0,0,0,0,0,0,0,0,0,0,0,0,0,0,0,0,0,0,0,0,0,0,0,0,0,0,0,0,0,0,0,0,0,0,0,0,0,0,0,0,0,0,0,0,0,0,0,0,0,1,0,0,0,0,0,0,0,0,0,1,0,0,0,0,0,0,0,0,0,0,0,0,0,0,0,0,0,0,1,0,0,0,0,0,0,0,0,5,0,0,0,0,0,0,0,0,0,0,0,0,1,0,0,0,9,1,0,0,0,0,1,0,0,0,0,0,0,0,0,0,1,0,0,1,0,3,1,0,0,0,0,0,1,0,0,0,0,0,0,0,0,0,0,0,0,0,0,0,0,0,0,0,0,0,0,3,0,0,0,0,0,1,0,0,0,0,7,0,0,0,0,0,2,0,0,0,0,1,0,0,0,2,19,0,0,0,1,0,0,0,0,1,0,0,0,0,0,0,0,0,1,0,0,0,0,0,0,0,0,0,0,0,0,0,0,0,0,0,0,0,0,0,0,0,0,0,0,1,0,0,0,0,0,0,0,0,5,0,0,1,0,0,0,0,0,0,0,0,0,0,0,0,0,2,0,0,0,0,0,0,0,0,1,0,0,0,0,0,0,0,0,0,0,0,1,0,1,0,0,0,7,0,6,0,0,0,0,0,0,0,0,0,0,0,0,1,0,0,0,1,0,0,0,0,0,0,0,0,0,0,0,0,0,1,0,0,0,10,0,0,0,0,1,0,0,0,0,0,0,3,0,0,0,0,1,0,0,3,0,0,0,1,1,0,0,0,0,0,0,0,0,73,0,0,0,0,0,0,1,0,0,0,0,0,0,0,0,1,0,0,0,0,1,0,1,0,0,0,0,0,1,0,0,0,0,0,0,0,0,0,0,0,0,0,0,0,0,0,0,0,8,0,0,0,0,0,0,0,0,0,0,0,0,0,0,0,0,0,0,0,0,0,0,0,1,0,0,0,1,0,1,0,0,0,0,0,0,0,0,0,0,0,0,0,0,0,0,0,0,0,0,0,0,0,0,0,0,0,0,0,0,0,0,0,0,31,0,0,0,0,1,1,0,1,0,0,0,0,0,0,0,0,0,0,0,0,0,0,0,0,0,12,0,0,0,0,0,0,0,0,0,0,0,0,0,0,0,3,0,0,0,0,9,0,0,0,0,0,0,0,0,0,0,0,0,0,0,0,0,0,0,0,1,0,0,0,0,0,0,0,0,0,0,0,0,0,1,0,1,0,0,IFSi
51,18,1,6,187,50,209,371,51,81,1,58,2,2,4,1,0,147,1,2,16,430,24,1,29,97,15,7,5,0,59,1,7,9,9,31,26,7,2045,0,89,516,216,27,221,0,4,3,36,7,2,118,16,1,0,8,2,1,48,0,0,18,6,7,44,17,0,0,15,1,0,15,151,109,5,8,5,1,44,14,3,35,3,0,0,9,0,33,7,1,1,1,43,1,0,20,2,28,22,49,10,2,3,3,5,6,6,3,90,9,0,30,13,41,1,68,0,4,2,3,1,32,2,4,0,1,3,4,9,2,3,11,3,3,3,1,3,0,0,0,0,0,0,0,0,0,1,0,0,0,0,1,0,0,0,0,0,1,4,0,0,0,0,0,4,3,1,2,2,2,5,6,2,2,104,3,0,0,36,1,1,0,6,16,0,21,7,0,10,3,3,2,0,11,16,2,1,31,3,0,0,0,0,0,3,0,0,0,0,0,0,9,24,26,13,73,36,15,15,45,83,8,7,21,16,114,5,7,3,9,4,27,29,2,47,5,10,9,13,20,124,62,11,17,15,6,2,11,6,25,21,13,16,14,2,1,26,3,43,29,34,130,4,10,11,85,9,20,5,9,1,0,4,1,3,5,0,7,0,1,0,0,1,0,0,1,0,2,1,1,1,4,0,0,1,1,0,18,0,5,9,2,0,5,0,1,0,0,1,2,0,2,3,2,1,0,11,0,0,0,1,1,0,0,0,0,0,0,0,0,0,0,0,0,0,0,0,0,1,0,0,0,1,0,0,0,0,0,0,0,0,0,0,0,0,0,0,0,1,0,1,0,2,0,0,0,0,0,1,0,0,0,0,0,1,0,0,0,0,0,0,0,0,0,0,0,0,138,0,0,0,0,0,0,0,0,1,0,8,0,0,0,0,0,0,0,0,0,0,0,0,0,0,0,0,0,0,0,0,0,0,0,0,0,0,0,0,0,0,0,0,0,1,0,0,0,0,0,0,0,0,0,0,0,0,0,0,0,0,0,0,0,0,0,1,0,0,0,0,0,0,0,0,1,0,0,0,0,0,0,0,0,0,0,0,0,0,0,0,0,0,1,0,0,0,1,0,0,0,0,0,0,0,0,0,0,0,0,3,0,0,0,0,0,0,0,0,0,0,1,0,0,0,0,0,0,0,0,0,0,0,0,0,0,0,0,0,2,0,0,0,0,0,0,0,0,2,0,0,0,3,0,0,0,0,0,0,0,0,0,0,0,0,9,0,0,0,0,0,1,0,0,0,0,0,0,0,0,0,0,0,0,0,0,1,0,0,0,0,0,0,0,0,1,0,0,0,0,0,0,0,0,0,0,0,0,0,0,0,0,0,0,0,0,25,0,0,0,0,1,0,0,2,0,0,4,0,0,0,0,0,0,0,0,1,0,0,1,0,0,0,11,0,0,0,19,0,0,0,0,0,0,1,0,0,3,1,0,0,0,0,0,0,0,0,1,0,0,0,0,0,0,0,1,0,0,0,0,0,0,0,0,0,0,0,0,2,0,0,0,0,0,0,0,0,29,0,0,0,1,0,0,0,0,0,0,0,0,1,0,0,0,0,0,0,0,1,0,0,0,0,0,0,0,0,0,0,0,0,0,0,0,0,0,0,1,0,1,0,5,0,3,0,0,0,0,0,0,0,5,0,0,0,0,0,0,0,0,0,1,0,0,2,0,0,0,0,0,0,0,2,0,0,0,0,0,17,0,0,0,0,0,0,0,0,0,0,0,2,0,0,0,0,0,0,0,1,0,0,0,0,0,0,0,0,0,2,0,0,0,41,0,0,0,0,3,0,1,0,0,0,0,0,0,0,0,0,0,0,0,0,0,0,0,0,0,0,0,0,3,0,0,0,0,0,0,0,0,0,0,0,0,0,0,0,0,0,1,0,5,0,0,0,0,0,0,0,0,0,0,0,0,0,0,0,0,0,0,0,0,0,0,0,0,0,0,0,0,0,0,1,1,0,0,0,4,0,0,0,1,0,0,0,0,0,0,0,0,0,0,0,1,0,1,0,0,0,0,0,0,0,0,0,0,2,0,0,0,0,0,1,0,0,0,0,0,0,0,0,0,0,0,0,0,1,0,0,0,0,0,5,0,0,0,0,0,0,0,1,0,0,0,0,0,0,0,1,0,0,0,0,39,0,0,0,0,0,0,0,0,0,0,0,0,0,0,0,0,0,0,0,0,0,0,0,0,0,0,0,0,0,0,0,0,0,0,0,8,0,0,IFSi
47,89,2,10,288,22,328,1465,492,104,2,74,2,6,1,1,0,380,3,2,28,355,28,3,23,75,8,5,9,0,22,1,0,60,148,12,37,49,5258,0,171,1484,435,88,118,0,3,3,122,7,5,481,33,10,3,6,1,3,227,0,1,12,11,35,145,158,0,1,42,1,0,102,381,37,19,19,20,4,111,91,1,62,2,0,0,1,3,17,26,9,1,1,34,1,1,43,6,68,0,68,22,4,17,14,15,2,5,5,33,9,7,73,53,45,3,14,2,8,1,21,8,12,1,16,0,18,40,11,2,3,9,18,13,16,6,14,0,0,0,0,0,0,0,0,0,0,2,0,0,0,1,6,0,0,0,0,0,0,3,0,0,0,5,0,2,7,6,2,9,1,8,14,10,12,141,8,4,3,444,1,2,3,3,99,30,37,62,10,14,5,4,1,4,50,47,9,8,23,0,1,0,0,0,0,0,0,0,0,0,0,0,60,18,83,52,312,328,1,69,62,142,38,16,42,20,177,16,5,34,35,13,55,113,15,102,6,12,18,37,146,355,14,12,46,113,57,53,34,19,26,49,44,9,21,47,3,92,36,96,59,88,100,87,14,20,69,41,43,14,72,13,0,8,3,8,1,0,19,0,2,1,0,0,2,0,3,0,18,4,7,0,3,0,4,1,2,0,32,4,6,177,8,0,6,1,2,2,14,2,1,0,0,0,0,4,0,11,0,0,0,0,0,0,0,0,0,0,0,0,0,0,3,0,0,0,0,0,0,0,0,0,0,1,1,0,0,0,0,0,0,0,0,0,0,0,0,0,0,5,0,1,0,7,0,0,1,1,0,2,0,0,0,0,0,0,0,2,0,0,0,0,0,0,0,0,1,0,113,0,0,0,2,0,0,0,0,3,0,44,0,0,0,0,0,0,0,0,0,1,0,0,0,0,0,0,0,0,0,1,0,0,0,0,0,0,0,0,2,0,0,0,0,0,0,0,0,0,0,0,0,0,0,4,0,0,0,1,0,0,0,0,0,0,0,1,0,0,0,0,0,0,2,0,3,0,0,0,1,1,0,0,0,0,0,0,0,0,0,0,0,0,0,0,0,0,0,0,0,0,0,0,0,0,0,0,0,0,0,0,0,0,0,0,1,0,0,0,0,8,0,0,0,0,0,0,0,0,0,0,0,0,0,0,0,0,0,0,2,1,0,0,0,0,0,0,0,3,0,1,0,2,0,0,0,0,1,0,0,0,0,0,0,0,45,0,0,0,0,0,1,0,1,0,0,0,0,1,0,0,0,0,5,0,1,45,1,0,1,1,0,0,0,0,0,0,0,0,0,2,0,0,0,0,0,0,0,4,0,4,0,0,1,0,0,111,0,0,0,0,0,1,0,0,0,1,25,0,0,3,0,0,0,0,0,1,1,0,0,0,0,9,17,0,0,0,42,0,0,0,0,1,0,0,0,0,1,1,0,0,7,0,0,0,0,1,0,2,0,0,0,0,0,0,1,0,0,0,0,0,0,0,0,0,0,0,0,0,0,0,0,0,0,0,0,0,41,0,0,0,0,0,0,1,0,0,0,0,0,1,0,5,0,1,0,0,0,0,0,0,0,2,0,0,0,0,0,0,0,0,0,0,0,0,1,1,3,2,0,0,5,0,9,0,0,0,0,1,0,0,0,1,0,0,0,3,0,0,0,10,0,0,0,3,0,0,2,0,0,0,0,0,0,0,0,0,0,71,0,0,0,0,0,0,0,0,0,0,0,1,0,0,3,0,1,0,0,2,1,0,0,0,1,0,0,1,0,0,0,0,0,174,0,0,0,0,2,0,2,0,0,0,0,0,0,0,0,1,0,2,0,0,0,0,2,0,0,0,1,0,2,0,0,0,0,0,0,0,0,0,0,0,0,0,0,0,1,0,0,0,31,1,1,0,0,0,0,0,0,0,0,0,0,0,2,0,0,1,0,0,0,2,0,2,0,0,0,0,0,0,1,0,2,0,0,0,1,0,0,1,0,0,0,0,0,0,0,0,2,0,0,0,0,0,0,0,0,0,0,0,0,2,1,0,0,37,0,0,0,0,0,0,0,1,0,0,0,0,0,0,0,1,2,0,0,0,0,0,0,0,0,16,0,0,1,0,0,1,1,3,0,0,0,0,0,0,0,0,0,0,0,0,128,0,0,1,0,0,0,0,0,0,0,0,0,0,0,1,0,0,0,0,3,0,0,0,0,0,0,0,0,0,0,0,0,0,1,0,2,0,0,IFSi
19,14,2,10,51,31,53,244,247,36,1,33,7,1,1,3,0,49,1,1,8,144,14,1,9,26,12,6,3,0,9,1,0,22,19,40,4,8,718,0,23,221,145,21,10,0,0,2,54,14,0,105,11,11,3,4,6,1,57,0,1,10,5,10,22,41,0,1,6,0,0,13,167,6,9,4,11,7,32,11,4,12,3,0,2,1,0,4,7,2,1,1,18,0,0,4,6,38,6,44,8,2,5,4,1,2,5,1,9,4,0,7,20,10,5,2,0,12,1,11,6,15,1,1,0,1,7,13,2,4,4,13,15,7,4,7,0,0,0,0,0,0,0,0,0,0,0,0,0,0,0,3,0,0,0,0,0,0,1,0,0,0,3,0,1,2,2,2,4,0,1,3,10,4,19,4,4,5,88,0,2,2,4,28,5,14,11,0,5,2,3,0,2,17,5,3,1,8,0,0,0,0,3,0,0,0,0,0,0,0,0,26,21,11,22,53,16,12,18,30,49,11,4,11,3,61,4,3,14,23,6,15,10,4,14,10,4,8,2,51,27,35,10,10,11,8,17,1,5,23,22,13,28,9,16,1,23,9,14,7,45,29,9,5,5,20,40,6,15,15,0,1,2,2,2,0,0,0,0,1,0,2,0,2,0,2,1,5,1,1,1,11,0,3,1,0,0,2,0,4,17,8,0,0,1,2,1,15,1,7,2,0,0,2,1,0,6,0,0,2,0,0,0,0,0,0,0,0,0,0,2,1,0,0,0,0,0,0,0,0,0,0,2,0,0,0,0,0,0,0,0,0,0,0,0,0,0,0,1,0,0,0,1,0,0,0,1,0,2,0,0,0,0,0,0,0,0,0,0,0,0,0,0,0,0,0,0,6,0,0,0,0,0,0,0,0,1,0,3,0,0,0,0,0,0,0,0,0,1,0,0,0,0,0,0,0,0,0,0,0,0,0,0,0,0,0,0,2,0,0,0,0,1,0,0,0,1,0,0,0,1,0,1,0,0,0,0,0,0,0,0,0,0,0,1,0,0,0,0,0,0,0,0,2,0,0,0,0,0,0,0,0,0,0,0,0,0,0,0,0,0,0,0,0,0,0,0,0,0,0,0,0,0,1,0,0,0,0,2,0,0,0,0,1,0,0,0,0,1,0,0,0,0,0,0,0,0,0,0,0,0,0,0,0,0,0,0,0,1,0,0,0,0,0,0,0,0,0,1,0,0,0,0,0,0,0,0,0,0,0,0,0,0,16,1,0,0,0,0,1,0,0,0,0,0,0,0,0,0,0,0,0,0,2,5,0,0,0,0,0,0,0,0,0,0,0,0,0,0,0,2,0,0,0,0,0,1,0,0,0,0,1,0,0,6,0,0,1,0,0,0,0,0,0,0,11,0,0,0,0,0,0,0,0,0,0,0,0,0,0,0,5,0,0,0,8,0,0,0,0,0,0,0,0,0,0,0,0,0,0,0,0,0,0,0,0,0,0,0,0,0,0,0,0,0,0,0,0,0,0,0,0,0,0,0,0,0,0,0,0,0,0,0,0,0,10,0,0,0,0,0,0,0,0,0,0,0,0,0,0,2,0,0,0,0,0,0,0,0,0,0,0,0,0,0,0,0,0,0,0,0,0,0,0,0,1,0,1,0,1,0,3,0,0,0,1,0,0,0,1,0,0,0,0,0,0,0,0,1,2,0,0,0,0,0,1,0,0,0,0,0,0,0,0,0,0,30,0,0,0,0,0,0,0,1,0,0,0,0,1,0,1,0,1,0,0,0,0,0,0,0,2,0,0,0,0,0,0,0,0,27,0,0,0,0,0,0,0,0,0,0,0,0,0,0,0,0,0,0,0,0,0,0,2,0,0,0,0,0,2,2,0,0,0,0,0,0,0,0,1,0,0,0,0,0,1,0,0,0,2,0,0,0,1,0,0,0,0,0,0,0,3,0,0,0,0,0,0,0,0,0,0,0,0,0,0,0,0,0,0,0,2,0,0,1,0,0,0,0,0,0,0,0,0,0,0,1,0,0,0,0,0,0,2,0,0,0,0,0,0,0,0,0,0,7,0,0,0,0,0,0,0,0,0,0,0,0,0,0,0,1,0,0,0,1,1,0,0,0,0,5,0,0,0,0,0,2,2,0,0,0,0,0,0,0,0,0,0,0,0,0,13,0,0,0,0,0,0,0,0,0,0,0,0,0,0,0,0,0,0,0,0,0,0,0,0,0,0,0,0,0,0,0,0,0,0,0,2,0,0,IFSi
11,11,15,7,34,30,22,69,505,23,0,25,8,3,0,0,0,38,2,2,20,19,47,0,8,16,1,4,4,5,0,0,1,27,54,12,13,15,2487,0,78,779,288,18,29,3,1,9,32,2,0,142,12,4,0,2,0,0,112,0,0,1,32,31,69,38,1,2,34,0,0,8,315,11,9,1,15,1,35,3,3,5,5,0,1,0,0,3,0,0,0,0,24,0,2,1,3,32,6,91,27,1,1,5,5,4,2,3,23,1,6,26,3,24,4,1,1,47,0,13,2,16,3,10,1,0,27,4,12,4,7,6,10,4,5,1,0,1,0,0,0,0,0,0,0,0,1,0,0,0,2,2,0,2,0,0,3,0,1,0,0,0,4,0,0,2,2,0,2,1,1,1,5,2,22,0,1,2,43,2,2,4,8,24,5,21,8,3,17,1,4,3,3,2,10,34,1,10,0,0,0,0,0,0,0,0,0,0,2,0,0,12,9,17,19,109,14,2,28,79,12,12,21,24,4,198,15,4,25,44,2,44,36,3,22,8,5,6,4,61,173,29,23,31,16,8,78,5,6,54,20,20,13,12,17,1,70,4,41,17,48,22,11,2,12,65,17,6,8,30,0,1,4,0,2,0,0,0,0,0,0,0,0,1,2,0,0,1,0,0,0,39,2,0,0,0,0,2,0,3,3,0,0,0,0,2,0,10,2,4,2,0,0,0,1,1,2,0,0,1,0,0,1,1,0,0,0,0,0,0,0,0,0,0,0,0,0,0,0,0,0,0,0,1,0,0,0,0,0,0,0,0,0,0,0,0,0,0,1,0,0,0,1,0,0,1,0,0,0,0,0,0,0,0,0,0,0,0,0,0,0,0,0,0,0,0,0,55,0,1,0,0,0,0,0,0,2,0,9,0,1,0,0,0,0,0,0,0,0,0,0,0,0,0,0,0,0,0,0,0,0,0,0,0,0,0,0,0,0,0,0,0,2,0,0,0,0,0,0,0,1,0,0,0,0,0,0,0,0,0,0,0,0,0,2,0,0,0,0,0,0,0,0,1,0,0,0,0,1,0,0,0,0,0,0,0,0,0,0,0,0,0,0,0,0,0,0,0,0,0,0,0,0,0,0,0,0,0,0,0,0,0,0,0,0,0,0,0,1,1,0,0,0,0,0,0,0,0,0,0,0,0,0,0,0,0,0,2,1,0,0,0,0,0,0,0,0,0,1,0,0,0,0,0,0,0,0,0,0,0,0,0,1,9,1,0,0,0,0,0,0,0,0,0,0,0,0,0,0,0,0,0,0,0,10,0,0,0,0,0,0,1,0,0,0,0,0,0,0,0,0,0,0,0,0,0,1,0,0,0,0,0,0,0,3,0,0,0,0,0,1,0,0,0,0,14,0,1,2,0,0,0,0,0,1,1,0,1,0,0,6,11,0,0,0,7,0,0,0,0,0,0,0,0,0,0,0,0,1,3,0,0,0,0,0,0,0,0,0,0,0,0,0,0,0,0,0,0,0,0,0,0,0,0,0,0,0,0,0,0,0,0,0,0,0,5,0,0,0,0,0,0,0,0,0,0,0,0,0,0,0,0,0,0,0,0,0,0,0,0,2,0,0,0,0,0,0,0,0,0,0,0,0,0,0,2,0,0,0,7,0,7,0,0,0,0,0,0,0,1,0,0,0,0,0,0,0,0,1,1,0,0,0,0,0,0,0,0,0,0,0,0,0,0,0,0,48,0,0,0,0,0,0,0,0,0,0,0,1,0,0,1,0,0,0,0,0,0,0,0,0,0,0,0,0,0,0,0,0,0,26,0,0,0,0,0,0,0,0,0,0,0,0,0,0,0,0,0,0,0,0,1,0,0,0,1,0,0,0,0,1,0,0,0,0,0,0,0,0,0,0,0,0,0,0,0,0,0,0,9,0,0,0,0,0,0,0,0,0,0,0,2,0,0,0,0,0,0,0,0,0,0,0,1,0,1,0,1,0,0,0,1,0,0,0,0,0,0,0,0,0,0,0,0,0,0,0,0,0,0,0,0,0,0,0,0,0,0,0,0,3,1,0,0,26,0,0,1,0,0,1,0,0,0,0,0,0,0,0,0,0,1,0,0,0,0,0,0,0,0,6,0,0,0,0,0,2,0,0,0,0,0,0,0,0,0,0,0,0,0,0,66,0,0,0,0,0,0,0,0,0,1,0,0,0,0,0,0,0,0,0,0,0,0,0,0,0,0,0,1,0,0,0,0,0,0,0,0,0,0,VC
10,6,5,15,36,536,52,220,146,5,0,13,3,1,1,0,0,66,2,2,17,216,19,0,7,34,3,5,2,1,5,0,0,28,19,25,11,7,2459,0,23,388,102,85,26,5,0,6,26,1,1,190,14,22,1,3,0,0,47,4,0,24,7,12,51,18,1,3,2,0,0,67,176,19,6,4,4,0,21,4,1,0,3,0,1,0,0,0,0,0,0,0,13,4,0,6,3,25,13,35,4,0,0,3,2,2,6,0,9,3,2,8,24,16,1,0,2,6,0,22,9,10,0,12,12,0,6,7,7,2,1,0,12,1,6,0,1,0,0,0,0,0,1,0,0,0,1,0,0,0,1,0,0,0,0,0,2,1,6,0,0,2,2,0,0,0,0,1,1,2,1,14,0,0,20,5,1,1,10,6,3,1,0,5,1,13,4,2,9,0,0,1,2,0,10,2,0,3,0,7,0,2,0,0,0,0,0,0,0,0,3,5,35,4,11,231,36,4,16,22,33,2,3,4,3,84,6,2,5,106,8,18,10,2,9,2,5,2,9,8,188,11,55,10,5,12,134,8,5,155,13,17,9,3,14,1,14,3,8,25,21,25,5,5,5,23,3,1,1,6,0,2,1,0,3,0,0,0,3,0,1,1,5,1,0,0,0,3,0,0,1,66,0,0,0,0,2,0,0,0,0,0,2,0,0,18,0,3,0,1,2,0,0,0,3,2,8,2,1,1,14,0,2,1,0,0,0,0,0,0,0,2,0,0,0,0,0,0,0,0,0,0,1,0,0,0,0,0,0,0,0,0,0,0,0,0,1,0,2,0,0,0,5,1,0,0,0,0,2,0,0,1,0,0,1,0,1,0,0,0,0,0,0,0,0,0,0,40,0,0,0,3,0,0,0,0,1,0,2,0,0,0,0,0,0,0,0,1,0,0,0,0,0,0,0,0,0,0,0,0,0,0,0,0,0,0,0,0,0,0,0,0,0,0,0,0,1,0,0,0,7,1,1,0,0,0,0,0,0,0,0,0,0,0,0,0,0,0,0,0,0,1,0,3,0,0,1,0,0,0,0,0,0,0,0,0,0,0,0,0,0,2,0,0,0,2,0,0,0,0,0,0,0,0,0,0,0,0,6,0,0,0,0,1,0,0,0,0,1,0,0,0,0,0,0,0,0,0,0,0,0,0,0,0,0,0,0,0,0,0,0,0,0,0,0,0,1,0,0,0,0,0,0,2,0,0,0,0,0,1,0,0,0,2,1,0,0,0,0,3,0,0,0,0,0,0,0,0,1,0,0,1,0,0,2,0,1,1,0,0,0,1,0,0,0,0,0,0,3,0,0,0,0,0,0,0,0,0,0,0,0,0,0,0,28,0,1,0,0,0,0,0,1,0,1,10,0,1,0,0,0,0,1,0,0,0,0,0,0,0,1,6,0,0,0,8,0,0,0,0,0,0,0,0,0,2,0,0,0,2,0,0,0,0,0,1,3,0,0,0,0,0,0,0,0,0,0,0,0,0,0,0,0,0,0,0,0,0,0,0,0,0,0,0,0,8,0,0,0,0,0,0,1,0,0,0,0,0,2,0,0,0,0,0,0,0,0,0,0,0,1,0,0,0,0,0,0,0,1,0,0,0,0,1,0,1,0,0,1,6,0,6,0,0,0,0,2,0,0,1,1,0,0,0,1,0,0,0,2,0,0,0,0,0,0,0,0,0,0,0,1,0,1,0,0,0,12,0,0,0,0,0,0,0,0,0,0,0,0,0,0,4,0,0,0,0,2,1,0,0,0,2,0,0,0,0,0,0,1,0,9,0,0,0,0,1,0,1,0,0,0,0,0,0,0,0,0,0,1,0,0,0,0,0,0,0,0,0,0,4,0,0,1,0,0,0,0,0,0,0,0,0,0,0,0,2,0,0,0,3,0,0,0,0,0,0,0,0,0,0,0,0,0,0,0,0,1,0,0,0,0,0,0,0,0,0,0,1,0,0,0,0,0,0,0,4,0,0,1,0,0,0,0,0,0,0,0,0,0,0,0,0,0,0,0,0,0,0,0,0,0,0,0,0,7,0,0,0,0,0,1,0,0,0,0,0,0,0,0,0,0,2,0,0,0,0,0,0,0,0,3,0,0,0,0,0,1,1,2,0,0,0,0,0,0,0,2,0,0,0,0,31,0,0,0,0,0,0,0,1,0,0,0,0,0,0,0,0,0,0,0,1,0,0,0,0,0,0,0,0,0,0,0,0,0,0,0,1,0,0,VC
18,5,7,4,46,10,45,137,63,3,1,23,5,0,1,0,0,66,0,0,28,42,10,1,5,14,5,5,3,1,0,0,1,37,10,6,21,17,1466,0,8,340,118,17,42,2,1,1,41,7,1,116,11,1,1,7,0,0,55,3,0,4,12,8,29,9,2,2,11,0,1,9,89,7,4,1,3,5,10,5,2,6,1,1,1,0,0,1,0,0,0,0,15,4,57,0,0,7,4,8,4,0,5,2,4,2,0,1,9,0,12,21,17,23,1,0,1,2,0,1,1,2,2,17,1,1,0,4,2,0,0,3,6,0,6,7,0,0,0,0,0,0,0,0,0,0,0,0,0,0,1,1,0,0,0,0,0,0,1,0,0,0,4,0,0,2,0,0,0,1,3,1,1,3,2,0,2,1,13,1,0,2,0,0,2,2,3,3,2,3,1,1,3,1,5,7,2,2,0,0,0,0,0,0,0,0,0,0,0,4,0,7,3,4,5,81,23,6,9,19,83,3,22,33,6,61,2,6,5,84,2,26,37,6,8,4,5,2,4,14,394,15,34,9,20,3,36,6,3,90,17,12,4,7,8,2,18,2,40,34,52,9,4,6,3,35,9,6,10,5,0,1,0,1,1,0,0,0,1,0,0,1,0,0,1,0,11,9,0,0,2,52,1,0,0,0,1,3,0,0,0,0,0,0,49,5,0,16,1,3,2,0,0,0,5,0,0,1,1,4,1,0,1,1,0,0,0,0,0,0,2,0,0,0,0,0,0,0,0,0,0,0,0,0,0,0,0,0,0,0,0,0,0,0,0,0,0,0,0,0,0,0,1,0,0,1,0,0,1,0,0,0,0,0,0,0,2,0,0,0,0,0,0,0,0,0,0,77,0,0,0,0,0,0,0,0,0,0,3,0,0,0,0,0,0,0,0,0,0,0,0,0,0,0,0,0,0,0,0,0,0,0,0,0,0,0,0,0,0,0,0,0,2,0,0,0,1,0,0,0,0,0,0,0,0,0,0,0,0,0,1,0,0,0,0,0,0,0,0,1,0,0,0,3,0,0,0,0,0,0,0,0,0,0,0,0,0,0,0,0,0,2,0,0,0,0,0,0,1,0,0,0,0,0,0,0,0,0,0,0,0,0,0,0,0,0,0,0,4,1,0,0,0,0,0,0,0,0,0,1,0,0,0,0,0,0,0,4,0,0,0,0,0,0,0,0,4,0,0,0,1,0,0,0,0,0,0,0,0,0,0,0,0,6,2,0,0,0,0,1,1,0,0,0,0,0,0,0,0,0,0,4,1,0,6,0,0,1,0,0,0,0,0,0,0,0,0,0,2,0,0,0,0,0,0,0,0,0,3,0,0,0,0,0,54,0,0,0,0,0,0,0,0,0,10,5,0,0,0,0,0,0,0,0,0,0,0,0,0,0,0,4,0,0,0,3,0,0,0,0,1,0,2,0,0,0,0,0,0,4,0,0,0,0,1,0,0,0,0,0,0,0,0,0,0,0,1,0,0,0,0,0,0,0,0,0,0,0,0,0,0,0,0,0,0,2,0,0,0,0,0,0,0,0,0,0,1,0,1,0,0,0,0,0,0,0,0,0,0,0,0,0,0,0,0,0,0,0,0,0,0,0,0,0,0,2,0,0,0,6,0,4,0,0,0,0,0,0,0,2,0,0,0,0,0,0,0,0,3,0,0,0,0,0,0,0,0,1,0,0,1,0,0,0,0,0,2,0,0,0,0,0,0,0,0,0,0,0,0,0,0,2,0,0,0,0,1,0,0,0,1,2,0,0,0,0,0,0,0,0,8,0,0,0,0,1,0,0,0,0,0,0,0,0,0,0,0,0,0,0,0,0,0,2,0,0,0,1,0,0,0,0,0,0,1,0,0,0,0,0,0,0,0,0,0,0,0,0,0,1,0,1,0,0,0,0,0,0,0,0,0,0,0,0,0,0,0,0,0,0,0,0,0,0,0,0,0,0,0,0,0,1,0,0,0,5,0,0,1,0,0,0,0,0,0,0,0,0,0,0,0,0,0,0,0,0,0,0,0,0,0,0,0,0,6,0,0,0,0,0,1,0,0,0,0,0,0,0,0,0,0,1,0,0,0,0,0,0,0,0,7,0,0,0,0,0,1,2,0,0,0,0,0,0,0,0,0,0,0,0,0,11,0,0,0,0,0,0,0,0,0,0,0,0,0,0,0,0,0,0,0,1,0,0,0,0,0,0,0,1,0,0,0,0,0,0,0,2,0,0,VC
9,11,8,3,91,10,136,15,24,7,0,9,28,0,1,0,0,44,1,1,10,60,4,1,32,15,4,4,2,2,3,0,1,10,8,4,8,8,2568,0,24,227,105,16,21,0,0,2,13,5,1,103,5,1,0,8,0,0,66,5,0,5,17,2,28,13,0,1,12,0,1,13,191,13,3,4,7,4,24,0,12,2,2,1,1,0,0,0,0,0,0,0,8,54,2,0,4,61,1,45,6,1,2,2,5,0,2,2,3,2,4,6,7,5,1,0,2,0,0,9,7,1,1,4,1,0,1,2,0,1,0,4,14,1,1,1,4,0,0,0,0,0,0,0,0,0,0,0,0,0,0,0,0,0,0,0,1,8,1,0,0,2,0,0,0,0,0,0,0,2,1,0,0,1,0,0,3,3,5,2,0,2,0,0,1,1,6,2,1,0,0,1,1,0,6,5,0,15,0,0,0,0,0,0,0,0,0,0,0,0,0,4,6,5,3,183,30,5,7,21,9,12,33,12,2,125,2,4,16,28,1,18,11,1,10,7,3,18,17,9,37,6,14,9,5,5,3,14,3,25,7,8,1,5,2,2,16,2,11,15,12,10,1,5,2,31,13,4,4,9,0,1,1,0,0,0,0,0,0,0,4,1,0,0,2,0,0,7,0,0,21,0,1,0,0,0,1,0,0,2,0,0,0,0,1,4,24,195,0,3,1,0,0,0,5,0,1,0,0,45,24,0,0,1,0,0,0,0,0,0,0,1,0,0,0,0,0,0,0,0,0,0,0,0,0,0,0,0,0,0,0,0,0,0,0,0,0,0,0,0,1,0,0,0,0,0,0,0,0,0,0,0,0,0,0,0,0,0,0,0,0,0,0,0,0,0,0,4,0,0,0,2,0,0,0,0,0,0,14,0,0,0,0,0,0,0,0,0,1,0,0,0,0,0,0,0,0,0,0,0,0,0,0,0,0,0,0,0,0,0,0,0,0,0,0,0,0,0,0,0,0,0,1,0,0,0,0,0,0,0,0,0,0,0,0,0,0,0,0,0,0,0,0,0,0,0,0,0,0,0,0,0,0,0,0,0,0,0,0,0,0,0,0,0,0,0,0,0,0,0,0,0,0,0,0,0,0,0,2,0,0,0,0,0,0,0,0,0,1,0,0,0,0,0,0,0,0,0,0,0,0,0,0,0,0,0,0,1,0,0,0,0,0,0,0,0,5,0,0,0,2,0,0,0,0,0,0,0,0,0,0,0,0,1,2,0,0,0,0,2,0,1,0,0,0,0,0,0,0,0,0,0,0,0,2,0,0,0,0,0,0,0,0,0,0,0,0,0,0,0,0,0,0,0,0,0,0,0,0,1,0,0,0,0,1,0,0,0,0,0,0,0,0,0,3,8,0,0,2,0,0,0,0,0,0,0,0,0,0,0,3,56,0,0,0,1,0,0,0,0,0,0,0,0,0,0,0,0,0,1,0,0,0,0,0,0,0,0,0,0,0,0,0,1,0,0,0,0,0,0,0,0,0,0,0,0,0,0,0,0,0,0,0,0,0,11,0,0,0,0,0,0,0,0,0,0,0,0,0,0,3,0,0,0,0,0,0,0,0,0,0,0,0,0,0,0,0,0,0,0,0,0,0,0,0,4,0,0,0,1,0,2,0,0,0,0,0,0,0,0,0,0,0,0,0,0,0,0,1,0,0,0,0,0,0,0,0,1,0,0,0,0,0,0,0,0,7,0,0,0,0,0,0,0,0,0,0,0,1,0,0,0,0,1,0,0,1,1,0,0,0,0,0,0,0,0,0,0,0,0,6,0,0,0,0,0,0,0,0,0,0,0,0,0,0,0,0,0,0,0,0,0,0,1,0,0,0,0,0,0,0,0,0,0,0,0,0,0,0,0,0,0,1,0,0,0,0,0,0,2,0,0,0,0,0,0,0,0,0,0,0,0,0,0,0,0,0,0,0,0,0,0,0,0,0,0,0,0,0,0,0,1,0,0,0,2,0,0,0,0,0,0,0,0,0,0,0,0,0,0,0,0,0,0,0,0,1,0,0,0,0,0,0,0,3,0,0,0,0,0,2,0,0,0,0,0,0,0,0,0,0,0,0,0,0,0,0,0,0,0,2,0,0,0,0,0,0,1,0,1,0,0,0,0,0,0,1,0,0,0,0,6,0,0,0,0,0,0,0,0,0,0,0,0,0,0,2,0,0,0,0,0,0,0,0,0,0,0,0,1,0,0,0,0,0,0,0,1,0,0,VC
15,12,10,13,133,21,244,125,336,15,0,30,4,0,1,0,1,64,5,1,19,84,21,9,67,21,8,5,4,1,0,2,0,91,20,8,10,14,2535,0,71,525,269,55,12,2,0,6,85,11,1,150,17,4,0,6,0,0,95,0,0,15,8,19,30,47,0,0,21,0,1,19,252,22,18,5,33,3,75,5,3,4,7,1,1,0,0,2,1,0,0,0,11,4,3,0,3,68,14,54,17,2,7,22,7,6,5,8,6,2,3,12,0,12,1,0,1,22,0,17,4,12,3,3,1,0,5,4,1,2,0,10,25,0,6,2,8,0,0,0,0,0,0,1,0,0,0,0,0,0,0,3,0,0,0,0,4,22,1,0,0,0,1,0,0,2,1,2,9,1,4,4,32,3,70,2,6,1,43,1,1,10,3,17,7,20,30,5,20,0,1,2,3,3,27,6,1,43,0,0,0,0,0,4,0,9,0,0,0,0,0,27,70,23,25,107,15,9,33,27,25,28,5,17,6,258,6,5,20,45,8,38,45,6,54,21,2,19,15,85,79,14,14,23,10,7,44,9,11,20,25,31,13,27,25,1,59,9,41,44,37,47,23,11,6,82,37,72,16,10,0,1,4,1,0,0,1,0,17,0,0,0,1,1,1,0,0,20,0,0,1,71,2,0,0,0,1,1,0,3,7,0,1,0,0,3,17,145,5,3,2,0,0,0,5,3,14,1,3,49,0,0,1,2,0,0,0,1,0,0,3,1,0,0,0,0,0,0,0,0,0,0,1,0,0,0,0,0,0,0,0,0,0,0,0,0,0,0,0,0,0,0,2,0,0,0,0,0,0,0,0,0,0,0,0,0,1,0,0,0,0,0,0,0,0,0,0,31,0,2,0,0,0,0,0,0,1,0,29,0,1,0,0,0,0,0,0,0,0,0,0,0,0,0,0,0,0,0,0,0,0,0,0,0,0,0,0,0,0,0,0,0,0,0,0,0,0,0,0,0,2,1,4,0,0,0,0,0,0,0,0,0,0,0,2,0,0,0,0,0,0,0,0,0,0,0,0,0,1,0,0,0,0,0,0,0,0,0,0,0,0,0,0,0,2,1,0,0,0,0,0,0,0,1,0,0,0,0,6,1,0,0,0,0,0,0,0,0,1,0,0,0,0,0,0,0,0,0,0,0,0,0,0,0,0,0,0,0,1,0,0,0,0,0,0,0,5,0,0,0,0,0,0,0,0,0,1,0,0,0,0,0,0,11,0,1,0,0,0,0,1,1,0,0,0,0,0,0,0,2,0,1,1,1,21,0,0,2,1,0,0,0,0,0,0,0,0,0,0,0,0,0,0,0,0,0,3,0,1,0,0,0,0,0,20,0,1,0,0,0,0,0,0,0,0,21,0,0,3,0,0,0,0,0,0,1,1,0,0,0,4,49,0,0,0,14,0,0,0,0,2,0,0,0,0,0,1,0,0,3,0,0,0,0,0,0,0,0,0,0,0,0,1,0,0,0,0,0,0,0,0,0,0,0,0,0,0,0,0,0,0,0,0,0,0,26,0,0,0,0,0,0,0,0,0,0,0,0,5,0,1,0,0,0,0,0,1,0,0,0,0,0,0,1,0,0,0,0,0,0,0,0,0,0,0,0,0,0,2,2,0,19,0,0,0,0,3,0,0,1,0,0,0,0,0,0,0,0,5,1,0,0,3,0,0,0,0,0,0,0,0,0,1,0,0,0,47,0,0,0,0,0,0,0,0,0,0,0,1,0,0,0,0,0,0,0,5,1,0,0,0,1,0,0,0,0,0,0,0,0,57,0,0,0,0,1,0,0,0,0,0,0,0,0,0,0,1,0,0,0,0,0,0,1,0,0,0,0,0,1,0,0,3,0,0,0,0,0,0,0,0,0,0,0,1,0,0,0,0,12,0,0,0,0,0,0,0,0,0,0,0,0,0,0,0,0,0,0,0,0,0,0,0,0,0,0,0,1,0,2,0,1,0,0,0,0,0,0,0,0,0,0,0,0,0,0,0,0,0,0,6,0,0,0,0,0,1,0,0,0,1,4,1,0,6,0,0,0,0,0,2,0,0,0,0,0,0,0,0,0,2,0,0,0,0,0,0,1,0,0,8,0,0,0,0,0,0,2,0,0,0,0,0,0,0,0,0,0,2,0,0,24,0,0,0,0,0,0,0,0,0,0,0,0,0,0,0,0,0,0,0,0,0,0,0,1,0,0,0,0,0,0,0,0,0,0,0,2,0,0,VC
0,0,1,0,630,3,685,1,5,0,0,0,0,0,0,0,1,1,0,0,1,14,6,0,1,0,0,0,0,0,251,0,0,3,1,0,2,1,682,0,4,39,11,21,9,70,2,0,0,0,0,0,0,0,0,0,0,0,0,0,0,0,0,0,0,0,0,0,0,0,0,0,0,0,0,0,0,0,0,0,0,1,0,0,0,0,2,0,0,0,0,0,0,138,429,236,0,0,0,0,0,0,0,0,0,0,0,0,1,0,0,0,0,0,0,2,0,0,0,0,0,0,0,0,155,0,0,0,0,0,0,0,0,0,0,0,22,91,12,136,0,5,15,17,0,7,5,190,470,49,0,0,6,18,1,296,893,43,0,12,1,25,0,0,0,0,0,0,1,0,0,0,0,0,1,0,0,0,0,0,0,0,0,0,0,0,0,0,0,0,0,0,0,0,0,0,0,0,0,0,0,0,0,0,0,0,0,0,0,0,0,0,0,0,0,0,0,0,0,0,1,1,0,0,0,0,0,0,0,6,0,1,0,0,1,0,0,0,0,0,2,0,0,0,0,0,1,0,1,0,0,0,0,0,0,0,0,0,0,1,0,1,0,0,0,0,0,0,0,0,2,0,0,0,0,5,7,0,331,0,191,11,144,0,0,0,67,0,0,0,69,0,0,0,0,0,0,0,4,0,0,0,10,0,533,0,27,145,0,0,0,0,0,0,0,0,0,0,0,39,1457,0,0,0,0,0,0,0,0,0,1,0,0,0,0,0,0,0,0,0,0,0,0,0,0,0,0,0,0,0,0,0,0,0,0,0,0,0,0,0,0,0,0,0,0,0,0,0,0,0,0,0,0,0,0,0,0,0,0,0,0,0,0,0,0,0,0,34,0,0,0,0,0,0,0,0,0,0,9,0,0,0,0,0,0,0,0,0,0,0,0,0,0,0,0,0,0,0,0,0,0,0,0,0,0,0,0,0,0,0,0,0,0,0,0,0,0,0,0,0,0,0,0,0,0,0,0,0,0,0,0,0,0,0,0,0,0,0,0,0,0,0,0,0,0,0,0,0,0,0,0,0,0,0,0,0,0,0,0,0,0,0,0,0,0,0,0,0,0,0,0,0,0,0,0,0,0,0,0,0,0,0,0,0,0,0,0,0,0,0,0,0,0,0,0,0,0,0,0,0,0,0,0,0,0,0,0,0,0,0,0,0,0,0,0,0,0,0,0,0,0,0,0,0,0,0,0,0,0,0,0,0,0,3,0,0,0,0,0,0,0,0,0,0,0,0,0,0,0,0,0,0,0,0,1,0,0,0,0,0,0,0,0,0,0,0,0,0,0,0,0,0,0,0,0,0,0,0,0,0,0,0,0,0,1,0,0,0,0,0,0,0,0,0,0,0,0,0,0,0,0,0,0,0,0,0,0,0,0,0,0,4,0,0,0,3,0,0,0,0,0,0,0,0,0,0,0,0,0,1,0,0,0,0,0,0,0,0,0,0,0,0,0,0,0,0,0,0,0,0,0,0,0,0,0,0,0,0,0,0,0,0,0,0,0,7,0,0,0,0,1,0,0,0,0,0,0,0,0,0,0,0,0,0,0,0,0,0,0,0,0,0,0,0,0,0,0,0,0,0,0,0,0,0,0,0,0,0,0,15,0,4,0,0,0,0,0,0,0,0,0,0,0,0,0,0,0,0,0,0,0,0,0,0,0,0,0,0,0,0,0,0,0,0,0,0,1,0,0,0,0,0,0,0,0,0,0,0,0,0,0,0,0,0,0,0,0,0,0,0,0,0,0,0,0,0,0,0,0,0,1,0,0,0,0,0,0,0,0,0,0,0,0,0,0,0,0,0,0,0,0,0,0,0,0,0,0,0,0,0,0,0,0,0,0,0,0,0,0,0,0,0,0,0,0,0,0,0,0,1,0,0,0,0,0,0,0,0,0,0,0,0,0,0,0,0,0,0,0,0,0,0,0,0,0,0,0,0,0,0,0,0,0,0,0,0,0,0,0,0,0,0,0,0,0,0,0,0,0,0,0,0,0,0,0,0,0,0,0,0,0,0,0,0,28,0,0,0,0,0,0,0,0,0,0,0,0,1,0,0,0,0,0,0,0,0,0,0,0,0,1,0,0,0,0,0,0,0,0,0,0,0,0,0,0,0,0,0,0,0,0,7,0,0,0,0,0,0,0,0,0,0,0,0,0,0,0,0,0,0,0,0,0,0,0,0,0,0,0,0,0,0,0,0,0,0,0,0,0,0,WT
0,1,1,0,2210,6,2709,2,13,3,0,2,0,0,0,0,1,1,0,0,2,7,2,0,0,0,1,0,0,0,26,0,0,5,2,0,3,1,3551,9,7,159,44,12,7,55,7,0,0,0,1,1,1,0,0,0,0,0,3,0,0,0,0,0,0,2,0,0,0,0,0,1,2,1,0,0,2,0,0,0,0,2,0,0,0,0,1,2,0,0,0,0,3,139,862,209,0,1,0,1,0,0,0,0,0,0,0,0,3,0,0,0,0,0,0,1,0,0,0,1,0,0,0,1,71,0,0,0,0,0,0,0,1,0,0,0,29,213,1,19,0,6,20,4,0,15,15,36,351,60,0,0,192,14,1,1785,293,32,0,138,7,21,1,0,0,0,0,0,1,0,0,0,0,1,0,0,0,0,3,0,0,0,0,0,0,1,0,0,2,0,0,0,0,0,0,0,0,1,0,0,0,0,0,0,0,0,0,0,0,0,0,0,2,3,1,27,1,2,0,3,1,0,0,0,1,9,0,0,1,0,0,2,0,0,7,0,1,0,0,4,2,1,0,5,2,0,0,0,1,4,0,0,0,2,0,0,2,0,1,3,2,3,0,1,0,11,0,0,0,0,29,0,0,0,0,22,1,0,148,0,175,10,124,0,0,0,173,0,0,0,263,0,0,0,0,0,0,2,11,0,0,0,7,0,1116,1,112,692,0,0,0,0,0,0,0,0,0,0,0,111,717,0,0,0,0,0,0,0,0,0,0,0,0,0,0,0,0,0,0,0,0,0,0,0,0,0,0,0,0,0,0,0,0,0,0,0,0,0,0,0,0,0,1,0,0,0,1,0,0,0,0,0,0,0,0,0,0,0,0,0,0,0,0,0,0,0,0,12,0,0,0,0,0,0,0,0,0,0,66,0,0,0,0,0,0,0,0,0,1,0,0,0,0,0,0,0,0,0,0,0,0,0,0,0,0,0,0,0,0,0,0,0,0,0,0,0,1,0,0,0,1,0,1,0,0,0,0,0,0,0,0,0,0,0,0,0,0,0,0,0,0,0,0,0,0,0,0,0,0,0,0,0,0,0,0,0,0,0,0,0,0,0,0,0,0,0,0,0,0,0,0,0,0,0,0,0,0,0,1,0,0,0,0,0,0,0,0,0,0,0,0,0,0,0,0,0,0,0,0,0,0,0,0,0,0,0,0,0,0,0,0,0,0,0,0,0,0,0,0,0,0,0,0,0,0,0,1,0,0,0,0,0,0,2,0,0,0,0,0,0,0,0,0,0,0,0,0,0,0,0,0,1,0,0,5,0,0,0,0,0,0,0,0,0,0,0,0,0,0,0,1,0,0,0,0,0,0,0,0,0,0,0,0,0,1,0,0,0,0,0,0,0,0,0,0,3,0,0,0,0,0,0,0,0,0,0,0,0,0,0,0,12,0,0,0,3,0,0,0,0,0,0,0,0,0,0,0,0,0,0,0,0,0,0,1,0,0,0,0,0,0,0,0,0,0,0,0,0,0,0,0,0,0,0,0,0,4,0,0,0,0,0,0,0,0,5,0,0,0,0,0,0,1,0,0,0,0,0,1,0,0,0,0,0,0,0,0,0,0,0,0,0,0,0,0,0,0,0,0,0,0,0,0,0,0,0,0,0,0,30,0,6,0,0,0,0,0,0,0,0,0,0,0,0,1,0,0,0,2,0,0,0,0,0,0,0,0,0,0,0,0,0,1,0,0,0,6,0,0,0,0,0,0,0,1,0,0,0,0,1,0,0,0,0,0,0,0,0,0,0,0,1,0,0,0,0,0,0,0,0,3,0,0,0,0,0,0,0,0,0,0,0,0,0,0,0,0,0,0,0,0,0,0,0,0,0,0,0,0,0,0,0,0,0,0,0,0,0,0,0,0,0,0,0,0,0,0,1,0,42,0,0,0,0,0,0,0,0,0,0,0,0,0,0,0,0,0,0,0,0,0,0,0,0,0,0,0,0,0,0,0,0,0,0,0,0,0,0,0,0,0,0,0,0,0,0,0,0,0,0,0,0,0,0,0,0,0,0,0,0,0,0,0,0,16,0,0,0,0,0,0,0,0,0,0,0,0,0,0,0,0,0,0,0,0,0,0,0,0,0,0,0,0,0,0,0,0,0,0,0,0,0,0,0,0,0,0,0,0,0,0,5,0,0,0,0,0,0,0,0,0,0,0,0,0,0,0,0,0,0,0,0,0,0,0,0,0,0,0,0,0,0,0,0,0,0,0,1,0,0,WT
6,1,12,0,483,4,513,2,12,27,0,37,2,0,0,0,1,33,0,0,9,33,1,0,8,14,1,3,1,6,8,0,0,33,42,17,18,40,697,10,132,322,763,10,29,1,6,0,0,0,0,13,4,0,1,1,0,0,28,0,0,0,1,0,4,1,0,0,0,0,0,0,13,0,0,0,1,1,0,7,0,6,0,0,1,0,1,6,4,1,0,0,12,22,24,8,0,12,0,12,1,1,0,1,1,0,0,0,0,0,0,6,0,21,0,1,0,0,0,0,0,0,0,1,8,0,0,2,0,0,0,0,3,0,1,0,20,4,1,3,2,1,5,2,3,38,4,4,8,89,4,11,48,3,2,123,13,43,0,36,1,5,10,5,2,0,0,0,0,0,0,1,1,1,3,0,0,0,32,0,0,0,0,1,0,5,4,0,1,0,0,0,0,1,2,1,0,5,0,0,0,0,0,0,0,0,0,0,0,0,0,16,4,6,21,96,16,0,19,29,22,3,4,41,2,69,17,14,10,37,4,33,10,5,68,2,7,4,7,82,100,10,26,19,40,9,5,6,8,49,18,28,9,25,7,2,79,3,18,17,15,37,1,4,11,119,7,8,27,16,44,0,1,0,0,4,1,0,6,0,3,4,3,0,0,0,2,0,0,0,15,0,0,0,0,0,0,0,1,2,3,0,2,0,26,2,17,252,0,0,0,0,0,1,3,0,1,0,0,55,2,0,2,1,0,0,0,0,0,0,2,0,0,0,0,0,0,0,0,0,0,0,2,1,0,0,0,0,0,0,0,0,0,0,0,0,0,0,2,2,0,0,0,0,0,0,0,0,0,0,0,0,0,0,1,0,0,0,0,0,0,0,0,0,0,0,0,41,0,0,0,1,0,0,0,0,1,0,39,0,0,0,0,0,0,0,0,0,0,0,0,0,0,0,0,0,0,0,0,0,1,0,0,0,0,0,0,0,0,0,0,0,2,0,0,0,0,0,0,0,3,0,2,0,0,0,1,0,0,0,0,0,0,0,1,0,0,0,0,1,0,1,0,3,0,0,0,0,0,0,0,0,0,0,0,0,0,0,0,0,0,1,0,0,0,0,0,0,1,0,0,0,0,0,0,0,0,0,1,0,0,0,0,0,0,0,0,0,3,1,0,0,0,0,0,0,0,0,0,0,0,0,0,0,0,0,0,0,0,0,0,0,0,0,0,0,9,0,0,0,2,0,0,0,0,0,0,0,0,1,0,0,0,14,0,0,0,0,0,1,0,1,0,0,0,0,2,0,1,0,0,2,1,0,49,1,0,0,0,0,0,1,0,0,0,0,1,0,0,0,0,0,0,0,0,0,0,0,1,0,0,0,0,0,1,0,0,0,0,0,0,0,0,0,0,17,0,0,0,0,0,0,0,0,0,0,0,0,2,0,2,99,0,1,0,2,0,0,0,0,0,1,0,0,0,0,0,1,2,2,0,0,0,0,2,0,0,0,0,0,0,0,0,0,0,0,0,0,0,0,0,0,0,0,0,0,1,0,0,0,0,0,0,0,0,3,0,0,0,1,0,0,2,0,0,0,0,0,7,0,3,0,2,0,0,0,0,0,0,0,1,0,0,0,0,0,0,0,0,0,0,0,0,0,0,0,0,1,0,1,0,7,0,0,0,0,0,0,0,2,0,0,0,0,0,0,0,0,1,3,0,0,1,0,0,0,1,0,0,0,0,0,0,0,1,0,64,0,0,0,0,0,0,0,1,0,0,0,0,0,0,0,0,0,0,0,0,0,0,0,0,0,0,0,3,0,0,0,0,0,20,0,0,0,0,0,0,0,0,0,0,0,0,0,0,0,0,0,1,0,0,0,0,0,0,0,0,0,0,5,0,0,2,0,0,0,0,0,0,0,0,0,0,0,0,1,0,0,0,50,0,0,0,0,0,0,0,0,0,0,0,0,0,0,0,0,0,0,0,0,0,0,0,0,0,0,0,0,0,1,0,0,0,0,0,1,0,1,0,0,0,0,0,0,0,0,1,0,0,0,0,0,0,1,0,0,0,0,0,0,3,1,0,0,25,0,0,0,0,0,1,0,0,0,0,0,1,0,0,0,3,0,0,0,0,0,0,1,0,0,16,0,0,0,0,0,0,0,0,0,0,0,0,0,0,0,1,0,0,0,0,104,0,0,0,0,0,0,0,0,0,0,0,0,0,0,4,0,0,0,0,0,0,0,0,0,0,0,0,1,0,0,0,0,0,0,0,2,0,0,WT
