676616,150328,4334140,108332,804142,150175,626519,4430763,1052559,246387,807525,4474160,711843,New.CleanUp.ReferenceOTU1729,547148,114389,351849,New.CleanUp.ReferenceOTU8474,4468200,224099,1126769,557456,4399094,269203,New.CleanUp.ReferenceOTU2599,New.ReferenceOTU10,4396040,841708,New.CleanUp.ReferenceOTU687,331020,628199,New.CleanUp.ReferenceOTU9445,536678,New.CleanUp.ReferenceOTU10911,275850,New.CleanUp.ReferenceOTU4926,New.ReferenceOTU17,16939,New.CleanUp.ReferenceOTU3652,New.CleanUp.ReferenceOTU4463,40546,4337622,919826,832166,105215,4340215,4336568,New.CleanUp.ReferenceOTU572,4468812,New.CleanUp.ReferenceOTU11515,4065042,323791,783719,New.CleanUp.ReferenceOTU5505,785526,New.CleanUp.ReferenceOTU10343,New.CleanUp.ReferenceOTU9312,163423,4483490,248395,341698,4308376,1110732,820086,4457728,4371222,4331815,New.CleanUp.ReferenceOTU10837,4379732,241441,1136536,4470139,New.CleanUp.ReferenceOTU7471,4297586,1107999,1125483,1142871,New.CleanUp.ReferenceOTU4980,769696,New.CleanUp.ReferenceOTU6310,657718,212027,4377062,718335,3057707,New.CleanUp.ReferenceOTU11925,New.CleanUp.ReferenceOTU1428,136015,372473,4298205,218772,4387627,279948,4313650,1112793,323364,275097,809485,94336,253494,268061,181996,280968,141700,103410,252822,587804,754410,4318219,3920029,New.CleanUp.ReferenceOTU1867,261182,155221,513078,146397,546384,4472087,247509,3603301,4350694,1135345,16538,New.CleanUp.ReferenceOTU2431,99073,279206,New.CleanUp.ReferenceOTU11939,148890,915265,New.CleanUp.ReferenceOTU5999,New.CleanUp.ReferenceOTU11808,New.CleanUp.ReferenceOTU8160,249472,4378791,235971,1656470,589597,573013,4315673,2476144,New.CleanUp.ReferenceOTU9576,New.CleanUp.ReferenceOTU5759,New.CleanUp.ReferenceOTU218,New.CleanUp.ReferenceOTU8317,New.CleanUp.ReferenceOTU4989,4444340,4422568,4378776,279436,New.CleanUp.ReferenceOTU1912,336873,New.CleanUp.ReferenceOTU1233,New.CleanUp.ReferenceOTU6422,273949,1128568,1132745,New.CleanUp.ReferenceOTU7287,New.CleanUp.ReferenceOTU2231,New.CleanUp.ReferenceOTU11268,New.CleanUp.ReferenceOTU7271,4471067,593171,40511,4428066,New.CleanUp.ReferenceOTU4319,4405719,New.CleanUp.ReferenceOTU1752,4390892,New.CleanUp.ReferenceOTU6836,849118,New.CleanUp.ReferenceOTU5843,1135798,4329804,154189,210800,217030,New.ReferenceOTU39,1123215,New.CleanUp.ReferenceOTU7870,New.CleanUp.ReferenceOTU697,New.CleanUp.ReferenceOTU7977,1625696,New.CleanUp.ReferenceOTU1122,4418695,813047,544772,959590,177340,1994485,219727,New.CleanUp.ReferenceOTU509,4422313,4295043,New.CleanUp.ReferenceOTU1345,2060289,4435455,New.CleanUp.ReferenceOTU7294,255112,4343392,804397,290401,4276833,4341330,4424552,4356131,1135768,113210,627435,815169,867450,4351129,3225199,819185,113778,1105085,4395995,224042,200323,4452721,759624,New.CleanUp.ReferenceOTU9386,3612124,370343,3225782,675744,New.CleanUp.ReferenceOTU2214,255859,New.CleanUp.ReferenceOTU5737,New.ReferenceOTU38,2381147,New.CleanUp.ReferenceOTU8520,82263,554597,85732,New.CleanUp.ReferenceOTU9692,New.CleanUp.ReferenceOTU8418,513175,New.CleanUp.ReferenceOTU4217,953211,4306066,New.CleanUp.ReferenceOTU1529,New.CleanUp.ReferenceOTU9558,New.CleanUp.ReferenceOTU860,New.CleanUp.ReferenceOTU5363,831179,4447102,101445,142330,New.CleanUp.ReferenceOTU9613,814489,812714,1126475,3768994,131787,565604,2655357,New.CleanUp.ReferenceOTU3308,New.CleanUp.ReferenceOTU1226,1134692,New.CleanUp.ReferenceOTU5950,New.CleanUp.ReferenceOTU8046,New.CleanUp.ReferenceOTU178,New.CleanUp.ReferenceOTU6759,New.CleanUp.ReferenceOTU2759,New.CleanUp.ReferenceOTU9936,New.CleanUp.ReferenceOTU4469,574862,583766,New.CleanUp.ReferenceOTU2803,New.CleanUp.ReferenceOTU10565,573054,113609,New.CleanUp.ReferenceOTU6037,New.CleanUp.ReferenceOTU6542,332042,New.CleanUp.ReferenceOTU6104,825937,New.CleanUp.ReferenceOTU6030,511706,New.CleanUp.ReferenceOTU9557,4386631,580290,New.CleanUp.ReferenceOTU6617,113232,New.CleanUp.ReferenceOTU5975,New.CleanUp.ReferenceOTU5984,New.CleanUp.ReferenceOTU5952,4237640,817942,332041,New.CleanUp.ReferenceOTU9605,New.CleanUp.ReferenceOTU9451,New.CleanUp.ReferenceOTU6567,562922,4346541,4299529,4449464,957360,251509,New.CleanUp.ReferenceOTU9529,241113,New.CleanUp.ReferenceOTU9582,206124,New.CleanUp.ReferenceOTU6373,New.CleanUp.ReferenceOTU9560,2974310,New.CleanUp.ReferenceOTU9556,4330047,New.CleanUp.ReferenceOTU6345,New.CleanUp.ReferenceOTU6325,208293,222685,538428,726344,4393921,New.CleanUp.ReferenceOTU6127,4465540,2336672,1137286,New.CleanUp.ReferenceOTU6244,New.CleanUp.ReferenceOTU6156,4343647,New.CleanUp.ReferenceOTU6221,New.CleanUp.ReferenceOTU6203,New.CleanUp.ReferenceOTU10066,1925460,213078,New.CleanUp.ReferenceOTU9948,New.CleanUp.ReferenceOTU5241,999784,308202,New.CleanUp.ReferenceOTU9898,1110021,572125,New.CleanUp.ReferenceOTU9942,New.CleanUp.ReferenceOTU5250,New.CleanUp.ReferenceOTU10068,New.CleanUp.ReferenceOTU5277,214128,New.CleanUp.ReferenceOTU5280,New.CleanUp.ReferenceOTU4959,215113,New.CleanUp.ReferenceOTU9935,758928,New.CleanUp.ReferenceOTU5165,New.CleanUp.ReferenceOTU5156,New.CleanUp.ReferenceOTU10041,226288,225485,1127675,1639777,263122,622731,144956,New.CleanUp.ReferenceOTU5148,New.CleanUp.ReferenceOTU5087,New.CleanUp.ReferenceOTU5136,831607,4301097,New.CleanUp.ReferenceOTU5132,147025,39463,4306488,New.CleanUp.ReferenceOTU5870,New.CleanUp.ReferenceOTU5734,568429,New.CleanUp.ReferenceOTU9744,New.CleanUp.ReferenceOTU5722,New.CleanUp.ReferenceOTU9895,112867,New.CleanUp.ReferenceOTU9799,New.CleanUp.ReferenceOTU5792,New.CleanUp.ReferenceOTU5797,New.CleanUp.ReferenceOTU5806,New.CleanUp.ReferenceOTU9712,562167,573327,New.CleanUp.ReferenceOTU9638,New.CleanUp.ReferenceOTU5832,New.CleanUp.ReferenceOTU5811,New.CleanUp.ReferenceOTU5596,New.CleanUp.ReferenceOTU9816,946344,4353076,257321,682134,New.CleanUp.ReferenceOTU5415,1009717,4431015,1140514,4405637,New.CleanUp.ReferenceOTU5562,592291,New.CleanUp.ReferenceOTU5523,1857346,1105901,734275,341939,New.CleanUp.ReferenceOTU9768,1754884,New.CleanUp.ReferenceOTU9376,New.CleanUp.ReferenceOTU7764,New.CleanUp.ReferenceOTU8777,New.CleanUp.ReferenceOTU7766,New.CleanUp.ReferenceOTU8797,New.CleanUp.ReferenceOTU7820,812149,1110625,781407,4409907,New.CleanUp.ReferenceOTU7718,554377,243353,246078,New.CleanUp.ReferenceOTU7900,4440462,New.CleanUp.ReferenceOTU8756,New.CleanUp.ReferenceOTU7871,1129586,New.CleanUp.ReferenceOTU7717,712222,New.CleanUp.ReferenceOTU7488,New.CleanUp.ReferenceOTU8849,New.CleanUp.ReferenceOTU8859,New.CleanUp.ReferenceOTU8916,649098,New.CleanUp.ReferenceOTU7484,214730,New.CleanUp.ReferenceOTU7516,New.CleanUp.ReferenceOTU8839,4402900,New.CleanUp.ReferenceOTU7659,649954,4331429,4301105,105699,146007,New.CleanUp.ReferenceOTU7546,812972,540592,4458919,704614,New.CleanUp.ReferenceOTU8531,4322536,New.CleanUp.ReferenceOTU8313,New.CleanUp.ReferenceOTU8527,New.CleanUp.ReferenceOTU8538,89699,New.CleanUp.ReferenceOTU8354,New.CleanUp.ReferenceOTU8398,New.CleanUp.ReferenceOTU8560,512148,New.CleanUp.ReferenceOTU8430,New.CleanUp.ReferenceOTU8423,New.CleanUp.ReferenceOTU8494,1128038,New.CleanUp.ReferenceOTU8417,New.CleanUp.ReferenceOTU8409,New.CleanUp.ReferenceOTU8280,12776,2416609,New.CleanUp.ReferenceOTU7952,593430,New.CleanUp.ReferenceOTU8637,New.CleanUp.ReferenceOTU7942,New.CleanUp.ReferenceOTU8626,1108431,New.CleanUp.ReferenceOTU7937,New.CleanUp.ReferenceOTU8629,888357,794280,563670,New.CleanUp.ReferenceOTU8564,113760,New.CleanUp.ReferenceOTU8082,New.CleanUp.ReferenceOTU8585,4372310,3412843,180611,1141710,New.CleanUp.ReferenceOTU7426,New.CleanUp.ReferenceOTU6956,320629,928766,4306132,208145,New.CleanUp.ReferenceOTU6938,New.CleanUp.ReferenceOTU6932,New.CleanUp.ReferenceOTU7001,New.CleanUp.ReferenceOTU9187,225930,New.CleanUp.ReferenceOTU7057,New.CleanUp.ReferenceOTU7090,New.CleanUp.ReferenceOTU7059,1121836,New.CleanUp.ReferenceOTU7044,989766,3267604,4348509,211582,256823,New.CleanUp.ReferenceOTU6650,New.CleanUp.ReferenceOTU9331,4314198,New.CleanUp.ReferenceOTU6649,4419473,551866,824801,New.CleanUp.ReferenceOTU6709,4351771,211581,831520,800127,1135893,4337567,New.CleanUp.ReferenceOTU9281,New.CleanUp.ReferenceOTU6710,4393265,New.CleanUp.ReferenceOTU7092,New.CleanUp.ReferenceOTU7093,New.CleanUp.ReferenceOTU7098,4344786,New.CleanUp.ReferenceOTU7324,New.CleanUp.ReferenceOTU7318,New.CleanUp.ReferenceOTU7305,New.CleanUp.ReferenceOTU7343,New.CleanUp.ReferenceOTU8995,New.CleanUp.ReferenceOTU9031,New.CleanUp.ReferenceOTU8978,364805,New.CleanUp.ReferenceOTU7135,New.CleanUp.ReferenceOTU8947,1108340,New.CleanUp.ReferenceOTU7394,New.CleanUp.ReferenceOTU7393,4382847,4424785,New.CleanUp.ReferenceOTU8960,New.CleanUp.ReferenceOTU7283,New.CleanUp.ReferenceOTU9040,New.CleanUp.ReferenceOTU9070,4442419,544092,New.CleanUp.ReferenceOTU7173,1127504,1818,222209,548799,1140995,New.CleanUp.ReferenceOTU7180,New.CleanUp.ReferenceOTU7192,New.CleanUp.ReferenceOTU7202,New.CleanUp.ReferenceOTU9102,New.CleanUp.ReferenceOTU9109,New.CleanUp.ReferenceOTU7240,4394173,New.CleanUp.ReferenceOTU7223,4444121,1124701,New.CleanUp.ReferenceOTU4849,4349212,New.ReferenceOTU12,New.ReferenceOTU32,3017908,224648,4325612,4336103,902698,215477,551344,1062966,4483956,4447334,New.ReferenceOTU40,1133433,New.CleanUp.ReferenceOTU244,268742,1106498,580497,4402890,1146003,1128545,New.CleanUp.ReferenceOTU33,247022,113586,3011887,113209,4475886,235943,2601842,320782,2994822,835089,4364347,130441,3956472,356027,605399,4312724,826250,358785,2739099,214914,586563,347595,3334377,620364,1147339,2841300,138177,937735,4422114,275105,4464810,New.CleanUp.ReferenceOTU911,513760,New.CleanUp.ReferenceOTU901,New.CleanUp.ReferenceOTU900,New.CleanUp.ReferenceOTU834,New.CleanUp.ReferenceOTU844,4304381,New.CleanUp.ReferenceOTU918,New.CleanUp.ReferenceOTU951,4476746,1021984,New.CleanUp.ReferenceOTU1025,New.CleanUp.ReferenceOTU1036,741975,New.CleanUp.ReferenceOTU1023,253644,New.CleanUp.ReferenceOTU1002,4371629,New.CleanUp.ReferenceOTU988,New.CleanUp.ReferenceOTU996,4480701,New.CleanUp.ReferenceOTU769,New.CleanUp.ReferenceOTU764,239437,New.CleanUp.ReferenceOTU393,1061145,1140357,New.CleanUp.ReferenceOTU374,New.CleanUp.ReferenceOTU367,3487653,New.CleanUp.ReferenceOTU307,New.CleanUp.ReferenceOTU333,New.CleanUp.ReferenceOTU357,New.CleanUp.ReferenceOTU534,663399,325776,100260,New.CleanUp.ReferenceOTU743,1051693,353925,New.CleanUp.ReferenceOTU607,583489,4403247,New.CleanUp.ReferenceOTU580,200046,4364838,151283,819708,1138930,4474749,1129425,4421372,215776,807954,4324764,4458776,247758,235848,78784,3231020,1148214,225398,4382186,835579,4463684,4082575,71352,583016,1026261,4299829,1094433,1130711,200629,965370,569190,1120160,4433512,4362795,1119015,611192,4237652,4339223,855860,113477,104172,1142972,254256,231772,102183,584821,4418001,1716466,208283,113866,223912,994823,4423681,570387,4346060,1733407,209481,4339286,4459446,547544,556217,4369748,254635,210951,163345,2969921,755282,4453972,1104445,204862,689017,4283838,4466061,607212,144065,4484276,1121483,836262,251539,4448576,4356724,213177,240883,4474264,906820,4312727,1639768,215692,4319210,5364,2711951,584272,549252,222792,93503,4480022,1108523,4425219,814416,3526330,4311518,72153,New.CleanUp.ReferenceOTU1096,4418696,226718,509487,New.CleanUp.ReferenceOTU3656,New.CleanUp.ReferenceOTU3669,222350,131115,New.CleanUp.ReferenceOTU3604,New.CleanUp.ReferenceOTU3559,253744,134163,4302302,New.CleanUp.ReferenceOTU3688,New.CleanUp.ReferenceOTU3752,New.CleanUp.ReferenceOTU3164,14632,New.CleanUp.ReferenceOTU3961,New.CleanUp.ReferenceOTU3962,4387052,New.CleanUp.ReferenceOTU3958,New.CleanUp.ReferenceOTU3941,New.CleanUp.ReferenceOTU3932,210387,New.CleanUp.ReferenceOTU3911,New.CleanUp.ReferenceOTU3923,204068,New.CleanUp.ReferenceOTU3536,New.CleanUp.ReferenceOTU3531,4419538,New.CleanUp.ReferenceOTU3290,New.CleanUp.ReferenceOTU3296,New.CleanUp.ReferenceOTU3298,104490,New.CleanUp.ReferenceOTU3287,New.CleanUp.ReferenceOTU3276,1104594,219330,New.CleanUp.ReferenceOTU3273,New.CleanUp.ReferenceOTU3306,New.CleanUp.ReferenceOTU3312,4298761,426566,New.CleanUp.ReferenceOTU3481,New.CleanUp.ReferenceOTU3404,New.CleanUp.ReferenceOTU3407,258056,New.CleanUp.ReferenceOTU3358,4479935,284171,New.CleanUp.ReferenceOTU3374,New.CleanUp.ReferenceOTU3990,4313359,206278,New.CleanUp.ReferenceOTU4465,New.CleanUp.ReferenceOTU4582,New.CleanUp.ReferenceOTU4585,New.CleanUp.ReferenceOTU4594,588492,113365,46832,2362284,New.CleanUp.ReferenceOTU4485,800619,2984010,254041,New.CleanUp.ReferenceOTU4624,543294,830922,New.CleanUp.ReferenceOTU4716,4465309,New.CleanUp.ReferenceOTU4713,226364,238434,3695905,New.CleanUp.ReferenceOTU4700,1044319,848909,New.CleanUp.ReferenceOTU4100,New.CleanUp.ReferenceOTU4440,4390890,New.CleanUp.ReferenceOTU4214,210598,572991,4383060,512030,344260,555635,583293,New.CleanUp.ReferenceOTU4235,1142263,New.CleanUp.ReferenceOTU4306,New.CleanUp.ReferenceOTU4395,248170,221349,New.CleanUp.ReferenceOTU4394,New.CleanUp.ReferenceOTU4361,New.CleanUp.ReferenceOTU4311,816291,New.CleanUp.ReferenceOTU4356,New.CleanUp.ReferenceOTU4360,927380,New.CleanUp.ReferenceOTU3159,238800,250268,New.CleanUp.ReferenceOTU1891,246763,113054,128177,New.CleanUp.ReferenceOTU1855,New.CleanUp.ReferenceOTU1835,137818,324217,3926677,New.CleanUp.ReferenceOTU1913,1623482,1145384,1124332,New.CleanUp.ReferenceOTU2157,New.CleanUp.ReferenceOTU2161,New.CleanUp.ReferenceOTU2180,285591,New.CleanUp.ReferenceOTU2085,1106090,New.CleanUp.ReferenceOTU1951,336433,4437013,New.CleanUp.ReferenceOTU1740,4341346,1123837,New.CleanUp.ReferenceOTU1698,New.CleanUp.ReferenceOTU1262,556657,4382404,New.CleanUp.ReferenceOTU1211,New.CleanUp.ReferenceOTU1177,New.CleanUp.ReferenceOTU1174,New.CleanUp.ReferenceOTU1145,814232,715993,New.CleanUp.ReferenceOTU1427,351338,New.CleanUp.ReferenceOTU1448,4451433,987899,New.CleanUp.ReferenceOTU1569,3095054,864304,3783163,New.CleanUp.ReferenceOTU1481,New.CleanUp.ReferenceOTU1497,New.CleanUp.ReferenceOTU1527,6602,New.CleanUp.ReferenceOTU2215,510276,144633,4409906,290241,New.CleanUp.ReferenceOTU2861,248032,247331,New.CleanUp.ReferenceOTU2776,New.CleanUp.ReferenceOTU2745,3359685,4362822,657103,807778,4365370,New.CleanUp.ReferenceOTU3104,1145388,New.CleanUp.ReferenceOTU3098,693721,132483,New.CleanUp.ReferenceOTU2990,New.CleanUp.ReferenceOTU3007,New.CleanUp.ReferenceOTU3033,New.CleanUp.ReferenceOTU3062,New.CleanUp.ReferenceOTU2736,New.CleanUp.ReferenceOTU2689,New.CleanUp.ReferenceOTU2262,834883,213249,241499,New.CleanUp.ReferenceOTU2378,New.CleanUp.ReferenceOTU2360,209415,New.CleanUp.ReferenceOTU2330,93368,New.CleanUp.ReferenceOTU2296,New.CleanUp.ReferenceOTU2327,New.CleanUp.ReferenceOTU2386,New.CleanUp.ReferenceOTU2388,112929,New.CleanUp.ReferenceOTU2645,New.CleanUp.ReferenceOTU2675,New.CleanUp.ReferenceOTU2595,New.CleanUp.ReferenceOTU2605,New.CleanUp.ReferenceOTU2588,222755,250264,4330293,New.CleanUp.ReferenceOTU2587,368520,368027,New.CleanUp.ReferenceOTU11134,New.CleanUp.ReferenceOTU12362,New.CleanUp.ReferenceOTU10811,New.CleanUp.ReferenceOTU10437,257461,New.CleanUp.ReferenceOTU12365,New.CleanUp.ReferenceOTU12366,583699,4308739,1059748,New.CleanUp.ReferenceOTU11775,244310,New.CleanUp.ReferenceOTU12205,New.CleanUp.ReferenceOTU12290,New.CleanUp.ReferenceOTU10260,New.CleanUp.ReferenceOTU11190,257611,New.CleanUp.ReferenceOTU11755,4343394,3801733,New.CleanUp.ReferenceOTU10808,697997,New.CleanUp.ReferenceOTU10261,New.CleanUp.ReferenceOTU11309,891898,819027,830397,New.CleanUp.ReferenceOTU11410,1033426,New.CleanUp.ReferenceOTU10830,New.CleanUp.ReferenceOTU11789,New.CleanUp.ReferenceOTU11582,New.CleanUp.ReferenceOTU11137,New.CleanUp.ReferenceOTU11807,New.CleanUp.ReferenceOTU12408,209935,4456622,class
0,0,0,0,1,0,0,0,0,18,0,0,0,25,5,5,0,0,11,6,0,0,8,0,0,0,11,0,0,0,1,0,0,0,0,0,0,0,0,0,0,0,0,0,0,0,0,0,0,0,0,0,0,0,0,0,0,0,0,1,0,1,2,0,0,6,0,2,0,0,1,39,9,19,7,5,19,2,7,8,6,12,0,3,0,0,0,0,0,0,0,0,0,0,0,0,0,1,0,0,0,0,0,0,0,0,0,3,0,0,0,1,2,0,28,0,8,6,1,1,3,1,3,2,0,0,27,0,0,0,0,0,0,0,0,0,0,0,0,0,0,0,0,0,0,0,0,0,1,0,0,0,1,0,1,0,0,0,0,0,0,6,0,0,0,0,0,0,1,0,1,0,0,3,2,0,0,0,0,0,0,0,0,0,0,2,0,0,1,0,0,0,0,0,0,2,0,2,0,0,0,0,2,0,0,0,0,0,0,1,0,0,0,0,0,0,0,0,3,0,0,1,2,1,1,1,1,5,1,1,2,1,1,1,3,1,1,0,0,0,0,0,0,0,2,0,0,0,0,0,0,0,0,0,0,0,0,0,0,0,0,0,0,0,0,0,0,0,0,0,11,2,5,12,3,1,2,12,1,0,5,1,3,1,2,1,1,11,18,1,1,2,3,2,2,2,2,3,5,1,2,1,8,4,10,1,1,2,5,2,2,7,4,8,5,7,15,4,1,1,1,1,2,2,3,1,1,1,4,2,8,2,1,1,2,1,1,12,3,1,2,5,1,1,1,5,2,2,6,24,1,2,3,15,1,5,10,0,1,2,50,2,1,1,7,1,7,1,22,1,1,5,1,1,2,2,1,2,11,1,1,3,1,26,2,1,26,1,1,1,1,92,1,10,4,1,0,4,9,1,3,1,1,12,1,2,8,1,1,8,2,41,3,1,6,15,1,1,3,1,9,1,1,2,1,2,8,1,1,1,2,4,1,1,4,2,1,1,5,2,1,1,1,4,1,1,4,1,2,1,1,16,1,1,5,3,1,1,3,1,1,3,1,3,5,3,1,3,2,5,1,1,16,1,1,6,3,12,1,9,1,8,2,4,3,6,2,4,1,2,1,3,3,1,6,3,2,1,3,9,1,2,13,2,5,9,7,1,1,7,3,8,15,1,1,3,9,1,1,1,10,7,1,1,1,1,2,2,27,11,1,3,3,2,2,2,7,3,1,8,6,12,0,6,7,2,15,3,4,1,1,3,1,4,1,3,8,5,1,1,0,33,1,3,1,2,1,5,4,4,2,62,4,5,5,1,8,5,2,2,7,4,6,1,2,3,1,7,7,14,0,1,1,1,2,5,0,16,4,1,1,1,2,1,1,9,23,20,6,5,10,8,12,1,1,1,2,2,1,1,1,4,11,1,2,1,1,1,1,1,6,3,2,6,1,4,4,1,1,1,3,2,0,1,2,1,1,2,4,8,1,9,2,4,3,12,1,7,8,1,10,6,1,1,1,5,6,3,1,7,2,4,9,1,1,1,4,2,1,1,2,1,11,3,8,24,6,4,0,1,0,2,1,1,3,19,1,1,22,2,2,1,1,7,1,1,4,15,15,2,3,2,3,1,3,3,12,1,1,13,5,5,2,1,3,11,1,7,2,7,0,1,2,1,2,6,1,11,1,40,1,4,4,4,12,5,1,2,2,7,2,2,23,1,7,1,4,10,0,3,5,1,9,1,2,1,1,1,2,2,1,7,1,1,1,6,2,1,7,4,1,1,6,2,1,4,24,7,4,2,3,2,5,3,1,3,1,2,1,4,1,0,1,3,1,4,1,3,1,2,1,8,14,1,1,1,1,10,7,5,3,1,11,6,3,3,3,10,1,1,6,2,1,4,2,1,3,2,2,1,1,4,2,3,7,1,12,1,25,2,2,4,58,15,4,2,2,17,1,1,2,2,29,7,2,11,1,2,1,1,22,7,0,1,2,2,1,1,1,1,4,1,1,1,5,12,1,1,23,21,4,3,2,2,6,2,3,6,28,2,2,7,14,5,1,1,1,1,3,2,4,13,1,2,1,4,1,1,3,3,2,1,6,2,2,0,2,11,4,3,2,12,3,10,2,1,1,1,2,27,8,3,2,1,1,1,5,1,2,2,1,8,1,1,7,2,2,4,1,8,2,14,8,1,1,2,3,6,1,1,8,12,1,6,1,1,1,1,1,3,1,4,3,1,5,2,1,1,8,3,2,2,9,5,5,11,1,2,1,5,Bulk
0,0,0,0,1,0,0,3,0,9,1,0,0,20,7,12,0,0,7,3,0,0,8,0,0,0,18,0,0,0,0,0,0,0,0,0,0,0,0,0,0,1,0,0,0,0,0,0,0,0,0,0,0,0,1,0,0,0,0,0,0,1,1,0,1,9,3,2,0,0,1,22,18,9,7,12,29,2,6,16,3,19,2,6,0,0,0,0,0,0,0,0,0,1,2,0,0,1,0,0,0,0,0,0,0,0,0,0,0,0,0,1,0,1,36,0,10,6,2,1,3,1,0,0,0,0,42,0,0,0,0,0,0,0,1,0,0,0,0,0,0,0,0,0,0,0,3,0,0,0,0,0,0,0,27,0,0,0,0,0,0,2,0,0,0,0,0,0,0,0,0,0,0,0,3,2,0,0,0,0,0,0,0,2,0,1,0,0,0,0,0,0,0,0,0,1,0,1,0,0,0,0,1,0,1,0,0,0,0,0,0,2,0,0,1,0,0,0,0,0,0,4,3,1,1,1,2,6,1,1,1,1,1,2,2,2,0,0,0,0,0,0,0,0,0,0,0,0,0,0,0,0,0,0,0,0,0,0,0,0,0,0,0,0,0,0,0,0,0,0,24,1,6,13,4,1,2,12,1,0,3,1,11,2,3,1,1,44,20,2,4,2,16,1,1,1,8,1,2,4,5,1,8,3,7,1,1,6,3,4,1,3,4,23,1,3,2,2,1,1,2,6,2,2,8,3,1,1,11,3,3,3,7,4,4,1,1,76,3,2,18,1,1,1,1,1,4,6,2,26,5,1,7,13,1,5,4,0,3,2,2,5,3,4,4,5,2,1,28,2,1,12,1,1,19,14,1,2,7,4,2,1,1,51,3,1,15,1,1,6,4,71,2,35,12,3,2,7,7,1,3,1,1,16,2,2,1,1,2,10,4,90,5,1,2,13,1,1,2,4,4,1,3,1,1,2,14,1,1,2,3,4,3,2,9,1,1,12,4,1,2,2,1,3,2,2,5,3,2,1,1,21,3,2,3,3,1,3,1,11,1,2,1,1,3,2,1,1,2,5,1,1,22,6,1,5,11,10,3,4,2,11,2,12,4,5,1,1,1,5,1,5,3,2,3,4,2,1,3,3,1,5,21,3,3,13,2,1,1,13,9,12,13,1,1,2,8,1,1,1,2,4,1,1,1,1,1,7,12,14,12,18,1,2,1,3,1,9,2,2,2,4,0,3,11,3,12,1,2,1,1,2,1,1,4,7,6,9,4,1,0,47,2,3,3,3,4,9,10,6,3,91,4,3,2,1,11,3,2,8,8,1,2,1,3,7,4,12,6,16,0,1,1,2,2,3,0,13,8,3,7,7,2,1,3,15,21,14,4,2,4,11,10,1,3,3,2,3,8,2,1,6,8,1,1,5,1,1,2,3,4,1,1,13,1,7,2,1,4,1,1,5,0,5,3,1,1,4,3,3,1,15,1,2,2,8,3,12,15,1,55,3,1,1,2,4,2,2,1,11,4,1,18,1,4,1,4,2,8,1,1,1,7,2,8,12,2,3,0,1,0,1,1,3,4,51,1,2,22,3,5,1,2,7,2,4,3,17,16,7,2,1,2,6,6,3,10,1,1,9,2,3,1,5,3,11,3,5,3,5,0,2,5,5,4,14,1,12,5,33,1,17,3,3,28,4,1,1,5,7,1,1,4,6,24,1,4,1,0,2,4,3,5,4,1,2,2,1,5,4,7,5,1,1,1,17,4,1,6,3,1,2,4,2,1,8,3,4,3,7,1,7,4,4,1,5,3,5,2,7,2,0,3,2,5,4,2,3,1,3,1,5,11,1,1,1,1,9,9,4,3,1,6,16,1,2,4,3,2,7,4,1,2,2,1,2,26,5,1,4,1,4,6,5,21,1,11,8,22,1,2,2,31,30,3,3,3,21,1,1,4,2,4,19,7,10,1,3,1,1,25,4,0,3,2,3,1,1,1,3,3,1,4,2,12,9,1,4,22,16,6,7,2,1,3,1,3,12,18,2,1,2,7,2,1,2,1,3,2,1,6,15,5,1,1,8,3,1,10,4,3,1,7,5,1,1,3,29,5,2,1,4,6,7,2,1,1,2,2,52,28,1,2,1,2,1,8,1,6,1,9,7,1,1,11,1,3,2,1,16,2,11,5,1,2,10,5,5,1,1,1,22,1,3,7,20,2,2,1,1,1,1,3,1,16,1,1,1,18,7,8,3,9,2,2,8,2,1,1,7,Bulk
8,16,95,56,15,23,52,10,4,2,24,45,35,2,1,2,15,12,1,0,39,0,1,14,2,20,1,14,1,12,25,17,4,1,3,24,10,72,270,2,56,191,2,1,4,23,9,8,71,2,3,11,81,1,7,1,6,23,500,6,13,20,25,50,10,2,128,0,18,1943,11,2,3,6,5,0,0,0,0,0,0,1,1,0,2,0,0,0,0,0,0,0,0,0,0,0,0,1,0,0,0,0,0,0,0,0,0,4,2,1,0,0,35,1,54,0,1,2,0,0,0,0,0,1,0,10,46,3,2,6,0,1,1,1,44,0,3,0,14,5,2,3,2,5,5,13,0,1,4,12,1,5,6,2,2,1,3,9,2,2,4,59,1,5,4,13,6,3,7,17,4,12,38,14,11,24,5,2,4,9,12,3,4,9,17,125,2,27,5,18,13,1,2,4,128,12,12,23,8,10,1,9,24,11,6,3,6,11,4,4,6,11,1,14,7,5,23,10,156,3,7,10,13,0,0,0,0,1,0,0,0,0,0,0,1,0,1,3,0,2,1,5,0,16,4,0,3,1,10,1,10,0,11,1,6,6,0,69,1,0,2,6,6,11,2,3,7,2,0,0,0,0,0,0,0,0,0,1,0,13,0,0,0,0,0,0,0,0,2,0,0,0,0,0,0,0,0,0,0,0,0,0,1,0,0,0,0,0,0,0,0,1,0,0,0,1,0,0,0,0,0,0,1,0,0,0,0,0,0,0,0,0,0,0,0,0,0,0,0,0,0,0,0,0,0,0,0,0,0,0,0,0,0,0,0,0,0,9,0,0,0,0,0,0,0,0,0,0,0,0,0,0,0,0,0,0,0,0,5,0,0,0,0,1,0,0,0,0,0,0,0,0,0,1,2,0,25,0,2,0,0,0,0,1,0,0,0,0,0,0,0,4,0,0,0,2,0,0,0,0,0,0,0,0,0,0,0,0,0,0,0,0,0,0,0,0,0,0,1,0,0,0,0,0,0,0,0,0,0,0,0,0,0,0,0,0,0,0,0,0,0,0,0,0,0,0,0,0,0,0,0,0,2,0,0,0,1,4,0,0,0,0,1,0,0,0,0,0,0,0,0,0,0,0,0,0,0,0,0,0,0,0,0,0,0,1,0,0,0,0,0,1,2,0,0,0,0,0,0,0,0,0,0,0,0,0,0,0,0,0,0,0,0,0,0,0,0,0,0,0,1,0,2,0,0,0,1,0,0,0,0,0,0,0,0,0,0,0,0,0,1,0,0,0,0,0,0,0,0,0,1,8,0,0,0,0,2,0,0,0,0,0,0,0,0,0,0,0,0,2,4,0,0,0,0,0,4,0,0,0,0,0,0,0,0,0,1,4,2,0,0,0,1,0,0,0,0,0,0,0,0,0,0,0,0,0,0,0,0,0,0,0,0,0,0,0,0,0,0,0,0,0,3,0,0,0,0,0,0,1,0,0,0,0,0,1,0,0,0,0,0,0,0,0,0,0,0,0,0,0,1,0,0,0,0,0,0,0,0,0,0,0,0,0,0,0,1,0,3,0,8,0,0,0,0,0,0,0,0,0,0,0,0,5,0,0,0,2,0,0,0,0,0,0,0,0,0,0,0,0,0,0,0,0,0,0,0,0,0,0,29,0,0,0,0,0,0,0,0,1,0,0,0,0,3,0,0,0,0,1,0,0,0,0,0,0,0,0,1,0,0,0,0,0,0,0,0,0,0,0,0,0,0,0,0,0,0,0,0,0,0,0,1,0,0,0,0,0,0,0,0,0,0,0,0,0,0,0,0,0,0,2,0,1,0,1,0,0,0,0,0,0,0,0,0,0,0,0,0,0,0,0,0,1,0,0,0,0,0,0,1,0,0,0,0,0,1,0,0,0,0,0,0,0,0,0,0,0,1,0,0,0,0,0,0,0,0,0,0,0,0,0,0,0,0,0,0,0,0,0,2,0,79,0,0,0,0,0,0,0,0,0,0,0,0,0,0,0,0,2,0,0,0,0,0,0,0,3,5,0,0,0,0,0,0,0,0,0,0,0,0,0,0,0,0,1,0,0,1,0,0,0,2,0,0,42,0,0,0,0,0,0,0,0,0,0,0,0,0,2,0,0,1,0,0,0,0,0,0,0,0,0,0,0,0,0,1,0,0,0,0,0,3,0,0,0,0,0,0,0,0,1,0,0,0,0,0,0,0,0,0,0,0,0,0,0,0,0,2,0,0,0,0,0,0,2,0,0,0,2,IFSi
30,103,123,117,15,28,31,71,2,2,28,7,275,1,0,1,9,16,2,0,31,0,4,41,1,16,1,13,1,16,13,47,1,2,3,12,7,15,90,1,25,168,5,4,15,28,17,8,61,11,2,58,38,1,11,6,3,23,340,7,5,60,10,60,10,0,193,0,12,1291,29,1,0,8,0,0,1,0,0,0,1,0,5,0,5,0,0,0,0,0,0,0,0,0,0,0,0,3,0,0,0,0,0,0,0,2,0,14,12,3,0,0,7,1,24,1,7,2,0,0,1,0,1,0,1,5,31,1,4,1,0,4,2,1,33,1,0,12,9,17,2,17,13,8,7,6,11,2,2,23,2,12,2,1,0,0,5,1,1,1,6,27,3,0,6,5,3,8,3,14,37,10,64,19,24,22,9,8,7,1,15,2,13,10,53,115,3,8,65,8,411,2,7,3,204,20,2,53,1,12,3,39,15,7,17,14,5,200,11,6,141,6,3,24,4,7,3,8,84,4,21,16,14,0,0,0,4,0,0,3,0,0,0,0,0,5,2,0,1,1,2,10,0,21,7,2,1,1,20,0,9,0,7,2,1,15,1,84,9,2,3,0,18,2,7,4,11,1,0,1,1,0,0,1,1,0,0,0,0,9,0,0,0,0,0,0,0,1,0,0,0,0,0,0,0,0,1,0,0,0,0,0,0,0,0,0,0,0,0,0,0,0,0,0,0,0,0,0,0,0,0,0,0,0,0,0,0,0,0,0,0,0,0,0,0,0,0,1,0,0,0,0,0,0,0,0,0,0,0,0,0,0,0,0,0,0,0,12,0,0,0,0,0,0,0,0,0,0,0,0,0,0,0,0,0,0,0,1,0,0,0,0,0,0,0,0,2,0,0,0,0,3,0,0,0,0,15,0,0,0,0,0,0,0,0,0,0,0,0,0,0,1,0,0,0,5,0,0,0,0,0,0,0,0,0,0,1,0,0,0,0,1,0,0,0,0,0,0,0,0,0,0,0,0,0,0,0,0,0,0,0,0,0,0,0,0,0,0,0,0,0,0,0,0,0,0,0,0,0,0,0,0,1,0,0,0,1,0,0,0,0,0,1,0,0,0,0,0,0,1,0,0,0,0,0,0,0,0,0,0,0,0,1,0,0,0,0,0,0,0,0,0,1,0,0,0,0,0,0,0,1,0,0,0,0,0,0,0,0,1,0,0,0,0,0,0,0,0,0,0,0,0,3,0,0,1,0,0,0,0,0,0,0,0,0,0,0,0,0,0,3,0,0,0,0,0,0,0,0,0,0,7,0,0,0,0,0,2,0,1,0,0,0,0,0,1,0,1,0,2,19,0,0,0,0,0,1,0,0,0,0,0,0,0,0,0,0,0,0,0,0,0,0,0,0,0,0,0,0,0,0,0,1,0,0,0,0,0,0,0,0,0,0,1,0,0,0,0,0,0,0,0,5,0,0,0,0,0,0,0,0,0,0,0,1,0,0,0,0,0,0,2,0,0,0,0,0,0,0,0,1,0,0,0,0,0,0,0,0,0,0,0,1,0,1,0,0,0,7,0,6,0,0,0,0,0,0,0,0,0,0,0,0,1,0,0,0,1,0,0,0,0,0,0,0,0,0,0,0,0,0,1,0,0,0,0,0,1,0,0,10,0,0,0,0,3,0,0,0,0,0,1,0,0,3,0,0,0,1,1,0,0,0,0,0,0,0,0,73,0,0,0,0,0,0,0,0,0,0,0,0,1,0,0,0,1,0,0,1,0,0,0,0,0,0,0,0,0,0,0,0,0,0,0,0,0,0,0,0,0,0,8,0,0,0,0,0,0,0,0,0,1,0,0,0,0,0,0,1,0,0,0,0,0,0,0,1,0,0,0,0,0,0,0,0,0,0,0,0,0,0,0,0,0,0,0,0,0,0,0,0,0,0,0,0,0,0,0,0,0,0,0,0,0,0,0,0,0,0,0,0,0,31,0,0,0,0,0,0,0,0,0,0,0,1,0,0,0,0,0,0,0,0,0,0,0,0,1,12,0,0,0,0,0,0,0,0,0,0,0,0,1,0,0,0,0,0,0,0,0,0,0,1,0,0,9,0,0,0,0,0,0,0,0,0,0,0,0,1,1,0,0,0,0,0,0,3,0,0,0,0,0,0,0,0,0,0,1,0,2,0,1,1,0,0,0,0,0,0,0,0,0,0,0,0,0,0,0,0,0,0,0,0,0,1,0,0,0,2,2,0,0,0,1,0,0,0,0,0,0,IFSi
51,51,187,209,6,50,371,18,1,1,81,59,430,2,1,4,24,16,1,0,147,0,2,58,2,29,1,15,1,5,16,18,2,3,8,109,6,44,118,3,17,151,15,7,5,14,35,8,36,7,3,44,48,1,15,5,7,97,516,26,7,27,31,89,221,0,216,0,9,2045,9,0,1,1,2,1,0,0,0,0,0,0,9,7,0,0,0,0,0,0,0,0,0,0,0,0,0,4,0,0,3,0,1,0,0,1,0,33,7,1,0,4,20,1,43,0,1,0,0,0,0,0,1,1,0,3,41,3,3,68,0,2,6,6,49,0,1,32,30,3,1,4,3,13,4,90,10,9,2,3,1,4,3,2,2,1,5,2,3,11,22,28,9,3,3,9,10,13,6,29,26,5,85,20,47,29,20,11,16,7,9,16,21,15,45,114,3,36,83,15,25,5,5,15,73,34,7,130,4,21,2,62,17,13,14,9,10,9,2,6,11,9,1,43,13,11,8,4,124,24,2,26,27,0,0,0,0,0,0,0,3,3,0,0,0,0,4,0,0,2,1,2,5,16,104,16,1,3,31,2,7,0,10,1,3,21,0,36,3,0,0,2,6,11,6,2,2,3,1,2,2,0,0,1,0,0,0,0,0,9,0,0,0,0,0,0,0,0,1,0,0,0,0,0,0,0,0,0,0,0,0,0,0,0,0,0,0,0,0,0,0,0,0,1,0,0,0,0,0,0,0,0,0,0,0,0,0,0,0,0,0,0,0,0,0,0,0,0,0,0,0,0,0,0,0,0,0,0,0,0,0,0,0,0,0,0,1,8,0,0,0,0,0,0,0,0,0,0,0,0,0,1,0,0,0,0,0,1,0,0,0,0,0,0,0,0,1,0,0,0,0,0,0,0,0,0,138,0,1,0,0,0,0,0,0,0,0,0,0,0,0,3,0,0,0,2,0,0,0,0,0,0,0,0,0,0,0,0,0,0,0,0,0,0,0,0,0,0,0,0,0,0,0,0,0,0,1,0,0,0,0,1,0,0,0,0,0,0,0,0,0,0,0,0,0,0,0,0,0,1,0,0,0,0,0,0,0,1,0,0,0,0,0,0,0,1,0,0,0,0,0,0,0,0,0,0,0,0,0,0,0,0,2,0,0,3,0,0,0,0,0,0,1,0,0,0,0,0,0,0,0,0,0,0,0,0,0,0,1,0,0,0,0,0,0,0,0,0,0,0,0,0,1,0,0,0,0,0,0,0,0,0,0,0,0,0,0,0,0,0,25,0,0,0,0,0,0,0,0,0,1,4,0,0,0,0,0,0,0,0,2,0,0,0,0,0,0,0,1,0,11,0,0,0,0,0,19,0,1,0,0,0,0,0,0,3,1,0,0,0,0,0,1,0,0,0,0,0,0,0,0,0,0,0,0,0,0,0,0,0,0,0,0,2,0,0,0,0,0,0,0,0,29,0,1,0,0,0,0,0,0,1,0,0,0,1,0,0,0,0,2,0,0,0,0,1,0,0,0,0,0,0,0,0,0,0,0,0,0,0,0,0,0,0,1,0,1,0,5,0,3,0,0,0,0,0,0,0,5,0,0,0,0,0,0,0,0,0,1,0,0,0,0,0,0,0,0,0,0,2,0,0,0,0,0,0,0,0,0,0,17,0,0,0,0,2,0,0,0,0,0,0,0,0,1,0,0,0,0,0,0,0,0,0,2,0,0,0,41,0,0,0,3,0,0,0,0,0,0,0,0,0,0,0,0,1,0,0,0,0,0,0,0,0,0,0,0,0,1,0,0,0,0,0,0,0,0,0,0,0,0,5,0,0,0,0,0,0,0,0,0,0,0,0,0,0,0,0,0,1,0,0,1,0,0,0,0,0,0,0,0,0,0,0,0,0,0,0,0,0,0,0,1,0,0,0,0,0,0,0,0,0,1,0,1,0,0,4,0,0,0,0,1,0,0,0,0,0,0,0,0,0,2,0,0,0,0,0,0,0,0,0,0,0,1,0,0,0,0,0,0,0,1,0,0,0,0,3,5,0,0,0,1,0,0,0,0,0,0,0,0,0,0,0,0,0,0,0,0,0,0,0,0,0,0,39,0,0,0,0,0,0,0,0,0,0,0,0,0,8,0,0,0,0,0,0,1,0,0,0,0,0,0,0,0,0,0,0,0,1,0,0,0,0,0,0,0,1,0,0,0,2,0,0,0,0,0,0,0,0,0,0,0,0,0,0,0,0,1,0,0,0,0,0,0,0,0,0,0,1,IFSi
47,492,288,328,10,22,1465,89,2,2,104,22,355,2,1,1,28,28,3,0,380,0,6,74,2,23,3,102,10,20,33,12,1,1,19,37,11,145,481,2,158,381,42,7,19,91,62,6,122,35,3,111,227,1,8,9,5,75,1484,37,49,88,12,171,118,0,435,0,148,5258,60,3,1,4,5,3,0,0,0,0,1,1,1,0,0,0,0,0,0,0,0,0,0,0,0,0,0,3,0,0,0,0,0,0,0,2,3,17,26,9,0,3,43,1,34,1,6,5,0,0,1,0,1,1,7,21,45,17,16,14,2,1,2,5,68,0,3,12,73,9,14,8,40,53,16,33,22,2,4,13,18,11,6,6,1,8,15,3,5,18,0,68,9,14,34,72,14,37,19,113,83,14,69,146,102,59,43,34,9,16,60,20,42,113,62,177,36,328,142,69,26,16,6,1,312,88,5,100,87,49,15,14,46,44,21,18,12,35,53,57,12,41,3,96,52,20,38,13,355,18,47,92,55,0,0,0,0,1,0,0,0,0,0,0,0,0,2,4,30,2,2,9,8,99,141,47,6,5,23,1,62,3,14,8,4,37,3,444,8,4,10,1,14,50,3,12,10,7,1,9,7,0,0,5,1,0,0,4,0,45,0,0,0,0,0,0,0,0,1,0,0,0,0,0,0,0,0,0,0,0,0,0,1,1,3,0,0,0,0,0,0,1,0,2,0,2,1,1,0,0,0,0,0,0,0,0,0,0,0,0,0,0,0,0,1,0,0,2,0,0,0,0,0,0,0,0,0,0,0,1,0,0,0,2,0,0,3,44,0,0,0,0,0,0,2,0,0,0,1,0,0,0,0,0,0,0,0,0,0,0,0,0,0,0,0,0,0,0,0,0,0,4,0,0,0,0,113,0,1,0,0,0,0,1,0,0,0,0,0,0,0,0,0,0,0,3,0,0,1,0,0,0,0,0,0,0,0,0,0,0,0,0,0,0,0,0,0,0,0,0,0,0,0,2,0,0,0,0,0,0,0,0,0,0,0,0,0,0,0,0,0,0,0,0,0,0,0,0,0,0,0,0,8,0,0,0,1,3,0,0,0,2,0,0,0,0,0,0,0,0,0,0,1,0,0,0,0,0,0,0,0,0,2,0,0,2,0,0,0,1,0,1,1,0,0,0,3,0,0,0,0,0,0,0,0,0,0,0,1,0,0,0,0,0,0,0,0,0,0,0,0,1,45,1,0,0,5,0,1,0,0,0,0,0,0,1,2,4,0,0,111,0,0,0,0,0,0,0,0,1,0,25,0,0,0,0,3,0,0,1,0,0,0,0,0,1,0,0,0,9,17,0,0,0,0,0,42,1,0,0,0,0,0,0,0,1,1,1,0,0,1,2,0,0,0,0,0,0,0,0,0,0,7,0,0,0,0,0,0,0,0,0,0,0,0,0,0,0,0,0,0,0,41,0,1,0,0,0,0,1,0,1,0,0,0,0,0,0,5,0,3,1,0,0,0,0,0,0,0,2,0,0,0,0,0,0,0,0,0,0,0,0,1,1,3,2,0,0,5,0,9,0,0,0,0,1,0,0,0,1,0,0,0,3,0,0,0,10,0,0,0,0,0,0,2,0,0,0,0,0,0,0,0,0,0,0,0,0,0,0,71,0,0,0,0,1,0,0,0,3,0,1,0,0,2,1,0,0,0,1,0,0,1,0,0,0,0,0,174,0,0,0,2,0,0,0,0,0,1,0,0,1,0,0,0,2,0,0,2,0,0,0,0,0,0,0,1,0,0,0,0,0,0,0,0,0,0,0,0,0,0,31,0,1,0,1,0,0,0,0,0,0,2,0,0,0,0,2,1,0,0,0,2,0,0,0,0,0,0,0,0,0,0,1,0,0,2,0,0,0,0,1,0,0,0,0,0,0,0,0,0,0,0,0,0,0,0,1,0,0,0,0,1,2,0,1,0,0,0,0,2,1,37,0,0,0,0,0,0,0,0,0,0,0,0,0,0,0,1,1,0,0,0,0,0,0,0,2,16,0,0,1,3,0,0,0,0,0,0,0,0,1,0,0,0,0,0,0,1,0,0,0,3,0,0,128,0,1,0,0,0,0,0,0,0,0,0,0,0,2,0,0,0,0,0,0,0,0,0,0,0,0,0,0,0,0,0,1,0,0,0,0,1,0,0,0,0,0,0,0,0,1,0,0,0,0,0,0,0,0,0,0,0,0,0,0,0,0,3,0,0,0,1,0,0,1,0,0,0,3,IFSi
19,247,51,53,10,31,244,14,2,1,36,9,144,1,3,1,14,8,1,0,49,0,1,33,7,9,1,13,11,11,11,10,6,4,4,6,5,22,105,3,41,167,6,14,9,11,12,4,54,10,2,32,57,1,12,3,6,26,221,4,8,21,40,23,10,0,145,0,19,718,22,3,0,7,0,1,0,0,0,0,1,1,1,0,0,0,0,0,0,0,0,0,0,0,0,0,0,1,0,0,0,0,0,0,0,0,0,4,7,2,2,0,4,0,18,0,3,3,0,0,0,0,1,1,0,11,10,5,7,2,0,1,2,5,44,0,5,15,7,4,7,12,7,20,1,9,8,2,2,15,1,13,4,6,1,6,1,4,1,13,6,38,4,4,14,15,5,2,5,10,11,15,20,51,14,7,6,1,28,4,26,3,11,11,30,61,9,16,49,18,23,4,10,12,53,45,3,29,9,22,4,35,10,13,9,8,4,23,17,8,10,40,1,14,22,5,11,6,27,21,16,23,15,3,0,0,0,0,0,0,0,0,0,0,0,0,1,2,5,2,2,4,1,28,19,5,2,2,8,0,11,2,5,1,3,14,5,88,4,4,0,0,3,17,4,4,10,2,0,3,1,0,0,1,0,0,0,0,0,16,0,0,0,0,0,0,0,1,2,0,0,0,0,0,0,0,0,0,0,0,0,0,0,0,0,0,0,0,0,0,0,0,0,2,0,0,0,1,0,0,0,0,0,0,0,0,0,0,0,0,0,0,0,0,0,0,0,0,0,0,0,0,0,0,0,0,0,0,1,1,0,0,0,0,0,0,1,3,0,0,0,0,0,0,2,0,0,0,1,0,0,0,0,0,0,0,0,0,2,0,0,0,0,0,0,0,1,0,0,0,0,1,0,0,0,0,6,1,0,0,0,0,0,1,0,0,0,0,0,1,0,2,0,0,0,0,0,0,1,0,0,0,0,0,0,0,1,0,0,0,0,0,0,0,0,0,0,0,2,0,0,0,0,0,0,0,0,0,0,0,0,0,0,0,0,0,0,0,0,0,0,0,0,0,0,0,0,0,0,0,0,0,1,0,0,0,0,2,0,0,0,0,0,0,0,0,0,0,0,0,0,0,0,0,0,0,0,0,0,0,0,0,0,0,0,0,0,0,0,0,0,0,1,0,0,0,1,0,0,0,0,0,0,0,0,0,0,0,1,0,0,0,0,0,0,0,0,0,0,0,0,2,5,0,0,0,0,0,0,0,0,0,0,0,0,0,0,1,0,0,6,0,0,0,0,1,0,0,0,1,0,11,0,0,0,0,0,0,0,0,0,0,0,0,0,0,0,0,0,0,5,0,0,0,0,0,8,0,0,0,0,0,0,0,0,0,0,0,0,0,0,0,0,0,0,0,0,0,0,0,0,0,0,0,0,0,0,0,0,0,0,0,0,0,0,0,0,0,0,0,0,0,10,0,0,0,0,0,0,0,0,0,0,0,0,0,0,0,2,0,0,0,0,0,0,0,0,0,0,0,0,0,0,0,0,0,0,0,0,0,0,0,0,0,1,0,1,0,1,0,3,0,0,0,1,0,0,0,1,0,0,0,0,0,0,0,0,1,2,0,0,0,0,0,1,0,0,0,0,0,0,0,0,0,0,0,0,0,0,0,30,0,1,0,0,0,0,1,0,1,0,1,0,0,0,0,0,0,0,2,0,0,0,0,0,0,0,0,27,0,0,0,0,0,0,0,0,0,0,0,0,0,0,0,0,0,0,0,2,0,0,0,0,0,0,0,1,0,0,0,0,0,1,0,0,0,0,0,0,0,0,2,0,0,0,0,0,2,0,0,0,0,0,0,0,0,0,0,0,0,1,0,2,3,0,0,0,0,0,0,0,0,0,0,0,0,0,0,0,0,0,0,0,0,0,0,1,0,0,0,0,0,2,0,0,0,1,0,0,0,0,0,0,0,0,0,0,0,0,0,0,1,7,0,0,0,0,0,0,0,0,0,0,0,0,0,0,0,2,2,0,0,1,0,0,0,0,2,5,1,0,0,0,0,0,0,0,0,0,0,0,0,0,0,0,0,0,0,0,0,0,0,0,0,0,13,0,0,0,0,0,0,0,0,0,0,0,0,0,2,0,0,0,0,0,0,0,0,0,0,0,0,0,0,0,0,0,0,0,1,0,0,0,0,0,0,0,0,0,0,0,0,0,0,0,0,0,0,0,0,0,0,0,0,0,0,0,0,1,0,0,0,0,0,0,0,0,0,0,0,IFSi
11,505,34,22,7,30,69,11,15,0,23,0,19,2,0,0,47,20,2,0,38,5,3,25,8,8,0,8,4,15,12,1,0,3,1,11,32,69,142,5,38,315,34,2,9,3,5,2,32,31,9,35,112,0,1,4,4,16,779,13,15,18,12,78,29,3,288,0,54,2487,27,0,0,1,0,0,0,0,0,1,0,2,0,1,3,0,0,0,0,0,0,1,0,0,0,0,0,1,0,0,0,0,0,0,2,1,0,3,0,0,1,1,1,0,24,2,2,4,0,0,2,0,0,0,6,13,24,1,4,1,1,3,4,2,91,1,4,16,26,7,1,47,27,3,10,23,27,12,1,10,0,4,5,3,0,2,5,4,3,6,6,32,1,5,25,30,2,4,6,36,17,8,65,61,22,17,6,5,13,21,12,4,24,16,79,198,4,14,12,28,54,15,8,2,109,48,4,22,11,20,3,29,31,20,12,6,5,44,78,8,23,17,1,41,19,12,12,2,173,9,17,70,44,0,0,0,0,0,2,0,0,0,0,0,0,0,0,3,5,0,2,2,1,24,22,10,2,1,10,1,8,4,17,1,4,21,2,43,0,1,3,3,1,2,8,2,5,2,2,34,1,0,1,1,1,0,0,0,0,9,0,0,0,0,0,0,0,1,0,0,0,0,0,0,0,0,0,0,0,0,0,0,0,0,0,0,0,0,0,0,0,1,0,0,0,0,0,0,0,0,0,0,0,0,1,0,0,0,0,0,0,0,0,0,0,0,0,0,0,0,0,0,0,0,0,0,0,1,0,0,0,0,0,0,0,0,2,9,0,0,0,0,0,0,0,0,0,0,1,0,0,0,0,0,0,0,0,0,0,0,0,0,0,1,0,0,2,0,0,0,0,0,0,0,0,0,55,0,0,0,0,0,0,1,0,0,0,0,0,0,0,0,0,0,0,0,0,0,0,0,0,0,0,0,0,0,1,0,0,0,0,1,0,0,0,0,0,0,0,0,0,0,0,0,0,0,0,0,0,0,0,0,0,0,0,0,0,0,0,0,0,0,0,0,0,0,0,0,0,1,0,0,1,0,0,0,0,1,0,0,0,0,1,0,0,0,0,0,0,0,0,0,0,0,0,0,0,0,0,0,0,0,2,0,0,0,0,0,0,0,0,0,0,0,0,0,0,0,0,0,0,0,0,0,0,0,0,0,2,0,0,0,0,0,0,0,0,0,0,0,0,0,10,0,0,0,0,0,0,0,0,0,0,0,0,1,0,1,0,0,3,0,0,0,0,0,0,0,0,0,0,14,0,1,0,0,2,0,0,1,0,0,0,0,0,0,0,0,1,6,11,0,0,0,0,0,7,1,0,0,0,0,0,0,0,0,0,0,1,1,0,0,0,0,0,0,0,0,0,0,0,0,3,0,0,0,0,0,0,0,0,0,0,0,0,0,0,0,0,0,0,0,5,0,0,0,0,0,0,0,0,0,0,0,0,0,0,0,0,0,0,0,0,0,0,0,0,0,0,2,0,0,0,0,0,0,0,0,0,0,0,0,0,0,2,0,0,0,7,0,7,0,0,0,0,0,0,0,1,0,0,0,0,0,0,0,0,1,1,0,0,0,0,0,0,0,0,0,0,0,0,0,0,0,0,0,0,0,0,0,48,0,0,0,0,1,0,0,0,1,0,0,0,0,0,0,0,0,0,0,0,0,0,0,0,0,0,0,26,0,0,0,0,0,0,0,0,0,0,0,0,0,0,0,0,0,1,0,0,0,0,0,0,0,0,0,0,0,0,0,0,0,0,0,0,0,0,0,0,0,0,9,0,0,0,0,0,1,0,0,0,1,0,0,0,0,0,0,0,0,0,0,1,2,0,0,1,0,0,0,0,0,0,0,0,0,0,0,0,0,0,0,0,0,0,0,0,0,0,0,0,0,0,0,0,0,0,0,0,0,0,0,1,3,0,1,0,0,0,0,1,0,26,0,1,0,0,0,0,0,0,0,0,0,1,0,0,0,0,2,0,0,0,0,0,0,0,0,6,0,0,0,0,0,0,0,0,0,0,0,0,0,0,0,0,0,0,0,0,0,0,0,0,0,0,66,0,0,0,0,0,0,0,0,1,0,0,0,0,0,1,0,0,0,0,0,0,0,0,0,0,0,0,0,0,0,0,0,0,0,0,0,0,0,0,0,0,2,0,0,0,1,0,0,0,0,0,0,0,0,0,0,0,0,0,0,0,0,1,1,0,0,0,0,0,3,0,0,0,0,VC
10,146,36,52,15,536,220,6,5,0,5,5,216,2,0,1,19,17,2,0,66,1,1,13,3,7,0,67,22,4,14,24,0,1,4,19,7,51,190,3,18,176,2,1,6,4,0,3,26,12,6,21,47,0,3,2,5,34,388,11,7,85,25,23,26,5,102,0,19,2459,28,1,0,0,1,0,4,0,0,1,0,3,0,0,2,0,0,0,0,0,0,0,0,1,2,0,0,6,0,0,1,0,1,0,0,1,0,0,0,0,1,0,6,4,13,0,0,2,0,0,1,0,0,0,2,22,16,0,1,0,2,0,2,6,35,12,1,10,8,1,0,6,6,24,12,9,4,7,0,12,0,7,6,3,0,9,2,2,0,0,13,25,3,3,5,6,5,9,5,10,4,1,23,8,9,25,1,8,9,3,5,3,4,5,22,84,3,36,33,16,155,6,2,4,231,21,2,25,5,13,2,11,10,17,3,2,5,106,134,12,55,3,1,8,11,5,2,8,188,35,14,14,18,0,2,3,0,7,0,0,0,0,0,0,0,0,0,2,1,1,3,1,1,5,20,10,0,0,3,2,4,1,9,0,0,13,1,10,5,1,2,1,14,0,0,0,0,0,6,2,5,0,0,2,0,0,0,0,0,2,0,0,1,0,0,0,0,7,1,0,0,0,0,0,0,0,0,0,0,0,1,0,0,0,0,0,0,0,0,0,0,0,2,2,0,0,0,0,0,0,0,0,1,0,0,0,0,0,0,0,0,0,0,0,0,0,0,1,0,0,0,0,0,0,0,0,1,0,0,0,0,0,0,3,0,0,1,2,0,0,0,0,0,0,0,0,0,0,0,0,0,1,0,0,0,0,0,0,0,0,0,0,0,0,0,0,0,0,0,0,0,1,0,0,0,0,40,1,0,0,0,0,0,0,0,0,0,0,0,0,0,6,0,0,0,1,0,0,1,0,0,0,0,0,0,0,1,0,0,0,0,0,0,0,0,0,0,0,0,0,0,0,0,1,0,0,2,0,0,0,0,2,0,0,0,0,0,0,0,0,0,0,0,0,1,0,0,0,0,0,0,0,1,0,0,0,0,3,0,0,0,3,1,1,0,0,0,0,0,0,0,0,0,0,0,0,0,0,0,0,0,0,0,0,0,0,0,0,0,0,0,0,3,0,0,0,2,0,0,0,1,1,0,0,0,0,0,0,0,0,0,0,0,0,0,0,0,0,0,0,1,0,2,1,0,0,1,0,0,0,0,0,0,0,0,0,0,0,0,0,28,0,0,0,0,0,0,1,1,0,0,10,0,1,0,0,0,0,0,0,1,0,0,0,0,0,0,0,0,1,6,0,0,0,0,0,8,0,0,0,0,0,0,0,0,2,0,1,0,0,0,3,1,0,0,0,0,0,0,0,0,0,2,0,0,0,0,0,0,0,0,0,0,0,0,0,0,0,0,0,0,0,8,0,0,0,0,0,0,1,0,2,0,0,0,0,0,0,0,0,0,0,0,0,0,0,0,0,0,1,0,0,0,0,0,0,0,1,0,0,0,0,1,0,1,0,0,1,6,0,6,0,0,0,0,2,0,0,1,1,0,0,0,1,0,0,0,2,0,0,0,0,0,0,0,0,0,0,0,1,0,1,0,0,0,0,0,0,0,0,12,0,0,0,0,0,0,0,0,4,0,0,0,0,2,1,0,0,0,2,0,0,0,0,0,0,1,0,9,0,0,0,1,0,0,0,0,0,0,0,0,0,0,0,0,1,0,0,0,0,0,0,0,0,0,0,2,0,0,0,0,0,0,0,0,0,0,0,0,1,0,3,0,0,0,0,0,0,0,0,0,0,1,0,0,0,0,0,0,0,0,0,0,0,0,0,1,0,0,0,0,0,0,1,0,0,0,0,0,0,0,1,0,0,0,0,0,0,0,0,0,0,0,0,0,0,0,4,0,0,0,0,0,0,0,0,0,0,0,0,2,0,7,0,0,0,0,0,0,0,0,0,0,0,1,0,0,0,1,1,0,0,0,0,0,0,0,4,3,0,0,0,2,0,0,0,0,0,0,0,0,0,0,0,0,0,0,0,0,0,0,0,1,0,0,31,0,0,0,0,0,0,0,1,0,0,0,0,0,1,0,0,0,0,0,0,2,0,0,0,0,0,0,0,1,0,0,0,0,2,0,0,3,0,0,0,0,2,0,0,0,2,0,0,0,0,0,0,0,0,0,0,0,0,0,0,0,0,2,2,0,0,1,0,0,3,0,0,0,1,VC
18,63,46,45,4,10,137,5,7,1,3,0,42,0,0,1,10,28,0,0,66,1,0,23,5,5,1,9,1,3,11,4,0,2,1,7,12,29,116,1,9,89,11,7,4,5,6,7,41,8,1,10,55,0,5,3,5,14,340,21,17,17,6,8,42,2,118,0,10,1466,37,1,0,5,1,0,3,1,1,2,0,2,0,1,0,0,0,0,0,0,0,0,0,0,0,0,0,1,0,0,0,0,0,0,0,0,0,1,0,0,1,1,0,4,15,57,1,4,0,0,1,0,0,0,12,1,23,5,0,0,1,2,2,0,8,1,1,2,21,0,7,2,0,17,17,9,4,2,0,6,1,4,6,0,0,1,4,0,1,3,4,7,0,2,5,5,6,4,3,37,4,10,35,14,8,34,6,6,4,22,7,6,33,20,19,61,2,23,83,9,90,2,4,6,81,52,6,9,4,17,6,15,9,12,7,2,5,84,36,3,34,9,2,40,5,3,3,2,394,3,8,18,26,0,0,0,0,0,0,0,0,0,4,0,0,0,0,3,2,0,0,0,3,0,2,5,0,3,2,1,3,2,2,2,1,2,1,13,0,2,3,1,1,1,0,3,1,2,1,7,1,0,0,0,1,0,0,3,0,6,0,0,0,0,0,0,0,0,0,0,0,0,0,0,0,0,1,0,0,0,0,0,0,0,0,0,0,0,0,0,0,0,0,1,0,0,0,0,0,0,0,0,0,0,0,0,0,0,0,0,0,0,0,0,0,0,0,2,0,0,0,0,0,0,0,0,0,0,0,0,0,0,0,0,0,0,0,3,0,0,0,0,0,0,0,0,0,0,0,0,0,0,0,0,0,0,0,0,2,0,0,0,0,0,0,0,2,0,0,0,0,0,0,0,0,0,77,1,0,0,0,0,0,0,0,0,0,0,0,0,0,0,1,0,0,4,0,0,0,0,0,0,0,0,0,0,2,0,0,0,0,0,0,0,0,0,0,0,0,0,0,0,0,0,0,0,0,0,0,0,0,2,0,0,1,0,0,0,0,0,0,1,0,0,0,1,0,0,0,1,0,0,4,0,0,0,0,3,0,1,0,2,0,0,0,0,0,0,0,0,0,0,0,0,0,0,0,0,0,0,0,0,4,0,0,1,0,0,0,0,0,0,1,0,0,0,0,0,0,0,0,0,0,0,0,0,0,0,0,0,0,0,0,0,0,0,0,0,0,0,0,0,6,1,0,1,4,0,0,0,0,0,0,0,0,0,0,0,0,0,54,0,0,0,0,0,0,0,0,0,0,5,0,0,0,0,0,0,0,0,0,0,0,0,0,1,0,0,0,0,4,0,0,0,0,0,3,0,2,0,0,0,0,0,0,0,0,10,0,0,1,0,0,0,0,0,0,0,0,0,0,0,4,0,0,0,0,0,0,0,0,0,0,0,0,0,0,0,0,0,0,0,2,0,0,0,0,0,0,0,0,1,0,0,0,0,0,1,0,0,0,0,0,0,0,0,0,0,0,0,0,0,0,0,0,0,0,0,0,0,0,0,0,0,2,0,0,0,6,0,4,0,0,0,0,0,0,0,2,0,0,0,0,0,0,0,0,3,0,0,0,0,0,0,0,0,1,0,0,1,0,0,0,0,0,0,0,0,0,0,2,0,0,0,0,0,0,0,0,2,0,0,0,0,1,0,0,0,1,2,0,0,0,0,0,0,0,0,8,1,0,0,1,0,0,0,0,0,1,0,0,0,0,0,0,0,0,0,2,0,0,0,1,0,0,0,0,0,0,0,0,1,0,0,0,0,0,0,0,0,0,1,0,1,0,0,0,0,0,0,0,0,0,0,0,0,0,0,0,0,0,0,1,0,0,0,0,0,0,0,0,0,0,0,0,0,0,0,0,0,0,1,0,0,0,0,0,0,0,0,0,0,0,0,0,0,0,5,0,0,0,0,0,0,0,0,0,0,0,0,1,0,6,0,0,0,0,0,0,0,0,0,0,0,1,0,0,0,2,1,0,0,0,0,0,0,0,0,7,0,0,0,0,0,0,0,0,0,0,0,0,0,0,0,0,0,0,0,0,0,0,0,1,0,0,11,0,0,0,0,0,0,0,0,0,0,0,0,0,2,1,0,0,0,0,0,0,0,0,0,0,0,0,0,0,0,0,0,0,0,0,3,0,0,0,0,0,1,0,0,0,0,0,0,0,0,0,0,0,0,0,0,0,0,0,0,0,0,4,0,0,0,1,0,0,0,0,0,0,0,VC
9,24,91,136,3,10,15,11,8,0,7,3,60,1,0,1,4,10,1,0,44,2,0,9,28,32,1,13,1,7,5,5,0,12,4,13,17,28,103,2,13,191,12,5,3,0,2,8,13,2,2,24,66,0,4,2,4,15,227,8,8,16,4,24,21,0,105,0,8,2568,10,0,0,4,1,0,5,1,1,0,0,1,0,1,1,0,0,0,0,0,0,0,0,0,2,0,0,1,0,0,4,0,8,0,0,0,0,0,0,0,1,0,0,54,8,2,0,0,0,0,0,0,0,0,4,9,5,2,1,0,2,1,0,2,45,1,1,1,6,0,1,0,1,7,4,3,6,0,1,14,0,2,1,4,0,7,5,1,2,4,1,61,2,2,16,9,5,17,3,11,5,4,31,9,10,15,4,14,1,33,4,2,12,5,21,125,2,30,9,7,25,2,7,5,183,12,4,10,1,7,1,6,9,8,5,18,3,28,3,5,14,13,2,11,3,2,12,1,37,6,2,16,18,0,0,0,0,0,0,0,0,0,0,0,0,0,0,1,1,0,0,0,1,0,0,6,0,0,15,2,6,2,1,0,0,1,3,5,0,3,2,1,0,0,0,1,0,0,2,5,0,0,0,0,0,0,0,0,0,1,0,0,0,0,0,0,0,0,0,0,0,0,0,0,0,0,0,0,0,0,0,0,0,0,0,0,0,0,0,0,0,0,0,0,0,0,0,0,0,0,0,0,0,0,0,0,0,0,0,0,0,0,0,0,0,0,0,0,0,0,0,0,0,0,0,0,0,0,0,1,0,0,0,2,0,0,0,14,0,0,0,0,0,0,0,0,0,0,0,0,0,0,0,0,0,0,0,0,0,0,0,0,0,0,0,0,0,0,0,0,0,1,0,0,0,0,4,0,1,0,0,0,0,0,0,0,0,0,0,0,0,2,0,0,0,5,0,0,0,0,0,0,0,0,0,0,2,0,0,0,0,0,0,0,0,0,0,0,0,0,0,0,0,0,0,0,0,0,0,0,0,0,0,0,0,0,0,0,0,0,0,0,0,0,0,0,0,0,0,0,0,0,1,0,0,0,0,0,0,0,0,0,0,0,0,0,0,0,0,0,0,0,0,0,0,0,0,0,0,0,0,0,1,0,0,2,0,0,0,0,0,1,2,0,0,0,1,0,0,0,0,0,0,0,0,0,0,0,0,0,0,0,0,0,0,0,0,0,0,0,0,0,2,0,0,0,0,0,0,0,0,0,0,0,0,0,0,0,0,0,1,0,0,0,0,0,0,0,0,0,0,8,1,0,0,0,2,0,0,0,0,0,0,0,0,0,0,0,0,3,56,0,0,0,0,0,1,0,0,0,0,0,0,0,0,0,0,3,0,0,0,0,0,0,0,0,0,0,0,0,0,0,1,0,0,0,0,0,0,0,0,0,0,0,0,0,0,0,0,0,0,0,11,0,1,0,0,0,0,0,0,0,0,0,0,0,0,0,3,0,0,0,0,0,0,0,0,0,0,0,0,0,0,0,0,0,0,0,0,0,0,0,0,0,4,0,0,0,1,0,2,0,0,0,0,0,0,0,0,0,0,0,0,0,0,0,0,1,0,0,0,0,0,0,0,0,1,0,0,0,0,0,0,0,0,0,0,0,0,0,7,0,0,0,0,1,0,0,0,0,0,1,0,0,1,1,0,0,0,0,0,0,0,0,0,0,0,0,6,0,0,0,0,0,0,0,0,0,0,1,0,0,0,0,0,0,0,0,1,0,0,0,0,0,0,0,0,0,0,0,0,0,0,0,0,1,0,0,0,0,0,2,0,0,0,0,0,0,0,0,0,0,0,0,0,0,0,0,0,0,0,0,1,0,0,0,0,0,0,0,0,0,0,0,0,0,0,0,0,0,0,0,0,0,0,0,0,0,0,0,0,0,0,0,0,0,0,2,0,0,0,0,0,0,0,0,0,0,0,0,0,0,3,0,0,0,0,0,0,0,0,0,0,0,2,0,0,0,1,0,0,0,0,0,0,0,0,0,2,0,0,0,0,1,0,0,0,0,0,0,0,0,0,0,0,0,0,0,0,0,0,0,0,0,0,6,0,2,0,0,0,0,0,0,0,0,0,0,0,1,1,0,0,0,0,0,1,0,0,0,0,0,0,0,0,0,0,0,0,0,0,0,0,0,0,0,0,0,0,0,0,0,0,0,0,0,0,0,0,0,0,0,0,0,0,0,0,0,0,1,0,0,0,0,0,1,0,0,0,2,VC
15,336,133,244,13,21,125,12,10,0,15,0,84,1,0,1,21,19,5,1,64,1,0,30,4,67,9,19,4,33,17,15,0,3,5,22,8,30,150,7,47,252,21,11,18,5,4,6,85,19,6,75,95,2,8,4,5,21,525,10,14,55,8,71,12,2,269,0,20,2535,91,0,0,3,1,0,0,1,1,0,0,0,0,0,4,0,0,1,0,0,0,0,0,0,0,0,0,1,0,0,8,0,22,0,0,0,0,2,1,0,1,0,0,4,11,3,3,1,0,0,0,0,0,0,3,17,12,7,0,0,1,3,6,5,54,1,1,12,12,0,2,22,5,0,3,6,17,1,2,25,0,4,6,3,0,4,7,2,8,10,14,68,2,22,20,10,11,15,11,45,23,16,82,85,54,44,72,9,13,5,27,6,17,10,27,258,9,15,25,33,20,6,21,9,107,37,5,47,23,25,6,14,23,31,27,19,2,45,44,7,14,37,1,41,25,6,28,8,79,70,25,59,38,0,0,0,0,0,0,0,0,0,0,9,4,0,0,3,7,2,1,9,4,17,70,27,1,0,43,1,30,10,20,1,1,20,1,43,2,6,5,2,4,3,3,3,32,2,1,6,2,0,0,0,0,0,0,1,0,11,0,0,0,0,0,0,0,2,1,0,0,0,0,0,0,0,0,0,0,0,1,0,0,0,1,0,0,0,0,1,0,0,0,0,0,0,0,0,0,0,0,0,0,0,0,0,0,0,0,0,0,0,0,0,0,0,0,1,0,0,0,0,0,0,0,0,0,1,0,0,0,0,0,0,0,0,1,29,0,0,0,0,0,0,0,0,0,0,1,0,0,0,0,0,0,0,0,0,3,0,0,0,0,2,0,0,0,0,0,0,0,4,0,0,0,0,31,0,0,0,0,0,0,0,0,0,0,0,0,1,0,6,1,0,1,5,0,0,0,0,2,0,0,0,0,0,0,0,0,0,0,0,0,0,0,0,0,0,0,0,0,0,0,0,0,0,1,0,0,0,0,0,0,0,0,0,0,0,0,0,0,0,0,0,0,0,0,0,0,0,0,0,1,0,0,0,0,0,0,0,0,0,0,0,0,0,0,0,0,0,0,0,1,0,0,0,0,0,0,1,0,0,0,0,1,0,0,0,0,0,0,1,0,0,0,0,1,0,0,0,0,0,0,0,0,0,0,0,2,2,0,0,0,0,0,0,0,0,0,0,0,1,21,2,0,1,1,0,0,0,0,0,0,0,0,1,0,3,0,0,20,0,0,0,0,0,0,0,1,0,0,21,0,0,0,0,3,0,0,0,0,0,0,0,0,2,0,1,0,4,49,0,0,0,0,0,14,1,0,0,0,0,0,0,0,0,1,0,0,0,0,0,0,0,0,0,0,0,0,0,0,0,3,0,0,0,0,0,0,0,1,0,0,0,0,0,0,0,0,0,0,0,26,0,0,0,0,0,0,0,0,5,0,0,0,0,0,0,1,0,3,0,0,0,0,1,0,0,0,0,0,0,1,0,0,0,0,0,0,0,0,0,0,0,0,0,0,2,2,0,19,0,0,0,0,3,0,0,1,0,0,0,0,0,0,0,0,5,1,0,0,0,0,0,0,0,0,0,0,0,0,1,0,0,0,0,0,0,0,0,47,0,0,0,0,1,0,0,0,0,0,0,0,0,5,1,0,0,0,1,0,0,0,0,0,0,0,0,57,0,0,0,1,0,0,0,0,0,0,0,0,1,0,0,0,0,0,0,1,0,0,0,0,0,0,0,0,1,0,0,0,0,0,0,0,1,0,0,0,3,0,12,0,0,0,0,0,0,0,0,0,0,0,0,0,0,0,0,2,0,0,0,1,0,0,0,1,0,0,0,0,0,0,0,0,0,0,0,0,0,0,0,0,0,0,0,0,0,0,0,0,0,0,6,0,0,0,0,0,0,0,0,0,1,1,4,0,0,0,0,0,2,6,0,0,0,0,0,0,0,0,0,0,0,2,0,0,0,2,0,0,1,0,0,0,0,0,1,8,0,0,0,0,0,0,0,0,0,0,0,0,0,0,0,0,0,0,0,0,0,0,0,0,0,0,24,0,0,0,0,0,0,2,0,0,0,0,0,0,2,0,0,1,0,0,0,0,0,0,0,0,0,0,0,0,0,0,0,0,3,0,0,0,0,0,0,0,1,0,0,0,0,0,1,0,0,0,0,0,0,0,0,0,0,0,0,0,0,1,2,0,0,0,0,0,1,0,0,0,2,VC
0,5,630,685,0,3,1,0,1,0,0,251,14,0,0,0,6,1,0,1,1,0,0,0,0,1,0,0,0,0,0,0,0,0,0,0,0,0,0,0,0,0,0,0,0,0,1,0,0,0,0,0,0,0,0,0,0,0,39,2,1,21,0,4,9,70,11,0,1,682,3,0,0,0,0,0,0,0,0,0,0,0,0,0,893,1,49,17,190,470,7,91,5,15,25,12,136,0,6,12,22,296,43,1,18,5,2,0,0,0,0,2,236,138,0,429,0,0,0,0,0,0,0,0,0,0,0,0,0,2,0,0,0,0,0,155,0,0,0,0,0,0,0,0,0,1,0,0,0,0,0,0,0,0,0,0,0,0,0,0,0,0,0,0,0,0,0,0,1,0,0,0,0,0,1,1,0,0,0,0,0,0,0,0,0,0,0,0,1,0,0,0,0,0,0,0,0,1,0,0,0,0,0,0,0,0,0,6,1,0,0,0,0,0,0,0,1,0,2,0,0,0,1,0,0,0,0,0,0,0,0,0,0,0,0,0,0,0,0,0,0,1,0,0,1,0,0,0,0,0,0,0,0,0,0,0,0,0,0,0,0,0,0,0,0,0,0,0,0,0,0,0,0,0,0,0,0,0,0,3,0,0,0,0,0,0,0,0,0,0,0,0,0,0,0,0,0,0,0,0,0,0,0,0,0,0,0,0,0,0,0,0,0,0,0,0,0,0,0,0,0,0,0,0,0,0,0,0,0,0,0,0,0,0,0,0,0,0,0,0,0,0,0,0,0,0,0,0,0,0,0,0,0,0,0,0,0,9,0,0,0,0,0,0,0,0,0,0,0,0,0,0,0,0,0,0,0,0,1,0,0,0,0,0,0,0,0,0,0,0,0,0,0,0,0,0,34,0,0,0,0,0,0,0,0,0,0,0,0,0,0,0,0,0,0,0,0,0,0,0,0,0,0,0,0,0,0,0,0,0,0,0,0,0,0,0,0,0,0,0,0,0,0,0,0,0,0,0,0,0,0,0,0,0,0,0,0,0,0,0,0,0,0,0,0,0,0,0,0,0,0,0,0,0,0,0,0,0,0,0,0,0,0,0,0,0,0,0,0,0,0,0,0,0,0,0,0,0,0,0,0,0,0,0,0,0,0,0,0,0,0,0,0,0,0,0,0,0,0,0,0,0,0,0,0,0,0,0,0,0,0,0,0,0,0,0,0,0,0,0,0,0,1,0,0,0,0,0,0,0,0,0,0,0,0,0,0,0,0,0,1,0,0,0,0,0,0,0,0,0,0,0,0,0,0,0,0,0,0,0,0,0,0,0,0,0,0,0,0,0,4,0,0,0,0,0,3,0,0,0,0,0,0,0,0,0,0,0,0,0,0,0,0,0,0,0,0,0,0,0,0,0,1,0,0,0,0,0,0,0,0,0,0,0,0,0,1,0,0,0,0,0,7,0,0,0,0,0,0,0,0,0,0,0,0,0,0,0,0,0,0,0,0,0,0,0,0,0,0,0,0,0,0,0,0,0,0,0,0,0,0,0,0,0,0,0,0,0,15,0,4,0,0,0,0,0,0,0,0,0,0,0,0,0,0,0,0,0,0,0,0,0,0,0,0,0,0,0,0,0,0,0,0,0,0,0,0,0,0,0,1,0,0,0,0,0,0,0,0,0,0,0,0,0,0,0,0,0,0,0,0,0,0,0,0,0,0,0,1,0,0,0,0,0,0,0,0,0,0,0,0,0,0,0,0,0,0,0,0,0,0,0,0,0,0,0,0,0,0,0,0,0,0,0,0,0,0,0,0,0,0,1,0,0,0,0,0,0,0,0,0,0,0,0,0,0,0,0,0,0,0,0,0,0,0,0,0,0,0,0,0,0,0,0,0,0,0,0,0,0,0,0,0,0,0,0,0,0,0,0,0,0,0,0,0,0,0,0,0,0,0,0,0,0,0,0,0,0,0,0,0,0,28,0,0,0,0,0,0,0,0,0,0,0,0,1,0,0,0,0,0,0,0,0,0,0,0,0,1,0,0,0,0,0,0,0,0,0,0,0,0,0,0,0,0,0,0,0,0,0,0,0,0,0,0,7,0,0,0,0,0,0,0,0,0,0,0,0,0,0,0,0,0,0,0,0,0,0,0,0,0,0,0,0,0,0,0,0,0,0,0,0,0,0,0,0,0,0,0,0,0,0,0,0,0,0,0,0,0,0,0,0,0,0,0,0,0,0,0,0,0,0,0,0,0,0,0,0,0,0,WT
0,13,2210,2709,0,6,2,1,1,0,3,26,7,0,0,0,2,2,0,1,1,0,0,2,0,0,0,1,0,2,1,0,0,0,0,1,0,0,1,0,2,2,0,0,0,0,2,0,0,0,0,0,3,0,1,0,0,0,159,3,1,12,0,7,7,55,44,9,2,3551,5,0,0,0,1,0,0,0,0,0,0,0,0,0,293,1,60,4,36,351,15,213,6,20,21,1,19,0,192,138,29,1785,32,7,14,15,1,2,0,0,0,7,209,139,3,862,0,1,0,0,0,0,0,0,0,1,0,0,0,1,0,0,0,0,1,71,0,0,0,0,0,0,0,0,1,3,0,0,0,1,0,0,0,0,0,0,0,0,0,0,0,1,0,0,1,0,1,0,1,0,3,0,11,4,7,3,0,0,0,0,0,1,0,2,3,9,0,1,1,0,4,0,0,2,27,2,0,3,0,0,0,1,5,0,2,0,1,0,0,0,0,0,0,1,1,0,0,0,2,2,0,2,2,0,0,0,0,0,0,0,0,0,0,0,0,0,0,0,0,0,0,1,0,0,0,0,0,0,1,0,0,0,2,0,0,1,0,3,0,0,0,0,0,0,0,1,0,0,0,0,1,0,0,0,0,0,0,0,0,2,0,0,0,0,0,0,0,1,0,0,0,0,0,0,0,0,0,0,0,0,0,0,0,0,0,0,0,0,0,1,0,0,0,0,0,0,0,1,0,0,0,0,0,0,0,0,0,0,0,0,0,0,0,0,0,0,0,0,0,0,0,0,0,0,0,0,0,0,0,1,0,0,0,0,0,0,0,66,0,0,0,0,0,0,0,0,0,0,0,0,0,0,0,0,0,0,0,0,0,0,0,0,0,0,0,0,0,0,0,0,0,1,0,0,0,0,12,1,0,0,0,0,0,0,0,0,0,0,0,0,0,1,0,0,0,0,0,0,0,0,0,0,0,0,0,0,0,0,0,0,0,0,0,0,0,0,0,0,1,0,0,0,0,0,0,0,0,0,0,0,0,0,0,0,0,0,0,0,0,0,0,0,0,0,0,0,0,0,0,0,0,0,0,0,0,0,0,0,0,0,0,0,0,0,0,0,0,0,0,0,0,0,0,0,0,0,0,0,0,0,0,0,0,0,0,0,0,0,0,0,0,0,0,0,0,0,0,0,0,0,0,0,0,0,0,0,0,0,0,0,0,0,0,0,0,0,0,0,0,0,0,0,5,0,0,0,1,0,0,0,0,0,0,0,0,0,0,0,0,0,1,0,0,0,0,0,0,0,0,0,0,3,0,0,0,0,0,0,0,0,0,0,0,0,0,0,0,0,0,0,12,0,0,0,0,0,3,0,0,0,0,0,0,0,0,0,0,0,0,0,1,0,0,0,0,0,0,0,0,0,0,0,0,0,0,0,0,0,0,0,0,0,0,4,0,0,0,0,0,0,0,0,5,0,0,0,0,0,0,1,0,1,0,0,0,0,0,0,0,0,0,0,0,0,0,0,0,0,0,0,0,0,0,0,0,0,0,0,0,0,0,0,0,0,0,0,0,0,30,0,6,0,0,0,0,0,0,0,0,0,0,0,0,1,0,0,0,2,0,0,0,0,0,0,0,0,0,0,0,0,0,1,0,0,0,0,0,0,0,0,6,0,1,0,0,0,0,1,0,0,0,0,0,0,0,0,0,0,0,1,0,0,0,0,0,0,0,0,3,0,0,0,0,0,0,0,0,0,0,0,0,0,0,0,0,0,0,0,0,0,0,0,0,0,0,0,0,0,1,0,0,0,0,0,0,0,0,0,0,0,0,42,0,0,0,0,0,0,0,0,0,0,0,0,0,0,0,0,0,0,0,0,0,0,0,0,0,0,0,0,0,0,0,0,0,0,0,0,0,0,0,0,0,0,0,0,0,0,0,0,0,0,0,0,0,0,0,0,0,0,0,0,0,0,0,0,0,0,0,0,0,0,16,0,0,0,0,0,0,0,0,0,0,0,0,0,0,0,0,0,0,0,0,0,0,0,0,0,0,0,0,0,0,0,0,0,0,0,0,0,0,0,0,0,0,0,0,0,0,0,0,0,0,0,0,5,0,0,0,0,0,0,0,0,0,0,0,0,0,1,0,0,0,0,0,0,0,0,0,0,0,0,0,0,0,0,0,0,0,0,0,0,0,0,0,0,0,0,0,0,0,0,0,0,0,0,0,0,0,0,0,0,0,0,0,0,0,0,1,0,0,0,0,0,0,0,0,0,0,0,WT
6,12,483,513,0,4,2,1,12,0,27,8,33,0,0,0,1,9,0,1,33,6,0,37,2,8,0,0,0,1,4,0,0,0,0,0,1,4,13,0,1,13,0,0,0,7,6,1,0,0,0,0,28,0,1,1,3,14,322,18,40,10,17,132,29,1,763,10,42,697,33,1,0,1,0,0,0,0,0,0,0,0,0,0,13,2,89,2,4,8,38,4,1,5,5,1,3,0,48,36,20,123,43,1,3,4,1,6,4,1,1,6,8,22,12,24,11,10,3,2,4,5,0,0,0,0,21,0,0,1,0,0,0,0,12,8,0,0,6,0,0,0,0,0,1,0,1,0,1,3,0,2,1,0,0,0,1,0,0,0,0,12,0,1,10,16,4,7,8,10,6,27,119,82,68,17,8,6,9,4,16,2,41,40,29,69,3,16,22,19,49,17,2,0,96,15,14,37,1,18,5,10,19,28,25,4,7,37,5,9,26,7,2,18,21,11,3,4,100,4,7,79,33,0,0,0,0,0,0,0,0,0,0,0,0,0,2,0,0,0,0,0,0,1,3,2,0,0,5,0,4,0,1,0,0,5,0,32,0,0,0,0,1,1,0,1,1,0,0,1,0,0,0,2,0,0,0,1,0,14,0,0,0,0,0,0,0,3,2,0,0,0,0,0,0,0,0,0,0,0,0,0,1,0,1,0,0,0,0,0,0,1,0,0,0,0,0,0,0,0,0,0,0,0,0,0,0,0,0,0,0,0,0,0,0,0,0,0,0,0,0,0,0,0,0,0,0,0,0,0,0,0,0,1,0,0,1,39,0,0,0,0,0,0,0,0,1,0,0,0,0,1,0,0,0,0,0,0,2,0,0,0,0,0,0,0,2,0,0,0,0,2,0,0,0,0,41,0,0,0,0,0,0,0,0,0,0,0,0,0,0,1,0,0,0,9,0,0,0,0,0,0,0,0,0,0,0,0,0,0,0,0,0,0,0,0,0,0,0,0,0,0,0,1,0,0,0,0,0,0,0,1,0,0,0,0,0,0,0,0,0,0,0,0,1,1,0,0,0,1,0,0,3,0,0,0,1,3,0,1,0,0,1,0,0,0,0,0,0,0,0,0,0,0,0,0,0,0,1,0,0,0,0,0,0,2,0,0,0,2,2,1,1,0,0,0,0,0,0,0,1,0,0,0,0,0,0,0,1,0,0,0,0,0,0,0,0,0,0,0,0,0,49,0,0,1,2,0,0,0,0,0,0,0,0,0,0,0,0,0,1,0,0,0,0,0,0,0,0,0,0,17,0,0,0,0,0,0,0,0,0,0,0,0,1,0,0,0,0,2,99,0,0,0,1,2,2,0,0,0,0,0,1,0,0,0,0,0,2,0,2,0,0,0,0,0,0,0,0,0,0,0,2,0,0,0,0,0,0,0,0,0,0,1,0,0,0,0,0,0,0,0,3,0,0,0,0,0,0,2,0,7,0,0,0,1,0,0,3,0,1,2,0,0,0,0,0,0,0,1,0,0,0,0,0,0,0,0,0,0,0,0,0,0,0,0,1,0,1,0,7,0,0,0,0,0,0,0,2,0,0,0,0,0,0,0,0,1,3,0,0,0,0,0,0,1,0,0,0,0,0,0,0,0,1,0,0,0,0,0,64,0,1,0,0,0,0,0,0,0,0,0,0,0,0,0,0,0,0,0,0,0,3,0,0,0,0,0,20,0,0,0,0,0,0,0,0,0,0,0,0,0,0,0,0,0,0,0,0,0,0,0,0,0,0,0,1,0,0,0,0,0,0,0,0,0,0,0,0,2,0,50,0,0,0,0,0,0,0,0,0,0,1,0,0,0,0,0,1,0,1,0,0,0,0,0,0,0,0,0,0,0,0,0,0,0,0,0,0,0,0,0,0,0,0,0,0,0,1,0,0,0,1,0,0,0,0,1,0,0,0,0,0,3,0,1,0,0,0,0,0,3,25,0,0,0,0,0,0,0,1,0,0,0,1,0,0,0,0,0,0,1,0,0,0,0,0,5,16,0,0,0,0,0,0,0,0,0,0,0,0,0,0,0,0,0,0,0,0,0,0,0,0,0,0,104,0,4,0,0,0,0,0,0,0,0,0,0,0,2,1,0,0,0,0,0,1,0,0,0,0,0,0,0,0,0,0,0,0,2,0,0,0,0,0,0,0,1,0,0,0,0,0,0,0,0,0,0,0,0,0,0,0,0,1,0,0,0,4,0,0,0,1,0,0,2,0,0,0,3,WT
